D_TRA1_1_SPOT1,A1,A3_1,A3_4,A3_6,A3_11,A3_15,A3_19,A3_21,A6_4,D_TRA1_S_Day,A10A,A10F,A3sum,D_TRA1_SMONTH_8.0,A2_1_1.0,A2_1_10.0,A2_1_14.0,A2_1_3.0,A2_1_8.0,A4_1_6.0,A4_1_7.0,A4_1_9.0,BARA_11,BARA_21,BARA_22,BARA_23,BARA_24,BARA_26,BARA_29,BARA_32,BARA_33,BARA_35,BARA_36,BARA_37,BARA_39
11010.0,0.0,0.46153846153846156,0.2692307692307692,0.46153846153846156,0.0,0.10256410256410256,0.0,0.02564102564102564,0.0,0.5641025641025641,0.0,10679.48717948718,2.4871794871794872,0.05128205128205128,0.15384615384615385,0.0,0.0641025641025641,0.0641025641025641,0.01282051282051282,0.02564102564102564,0.3076923076923077,0.0,0.0,0.05128205128205128,0.038461538461538464,0.10256410256410256,0.0,0.038461538461538464,0.01282051282051282,0.038461538461538464,0.05128205128205128,0.05128205128205128,0.02564102564102564,0.02564102564102564,0.038461538461538464
11020.0,0.03225806451612903,0.3225806451612903,0.0967741935483871,0.3548387096774194,0.03225806451612903,0.12903225806451613,0.03225806451612903,0.03225806451612903,0.0,0.25806451612903225,6451.612903225807,8290.645161290322,2.3225806451612905,0.0,0.12903225806451613,0.0,0.06451612903225806,0.06451612903225806,0.03225806451612903,0.0,0.2903225806451613,0.0,0.0,0.06451612903225806,0.06451612903225806,0.2903225806451613,0.0,0.06451612903225806,0.0,0.16129032258064516,0.03225806451612903,0.0,0.03225806451612903,0.06451612903225806,0.0
11030.0,0.0,0.4642857142857143,0.17857142857142858,0.32142857142857145,0.07142857142857142,0.10714285714285714,0.0,0.0,0.0,0.39285714285714285,0.0,8785.714285714286,2.5357142857142856,0.0,0.14285714285714285,0.0,0.10714285714285714,0.03571428571428571,0.03571428571428571,0.0,0.32142857142857145,0.0,0.0,0.07142857142857142,0.0,0.14285714285714285,0.0,0.07142857142857142,0.0,0.10714285714285714,0.10714285714285714,0.0,0.03571428571428571,0.0,0.0
11040.0,0.0,0.0,0.0,0.25,0.0,0.0,0.0,0.25,0.0,0.0,0.0,0.0,1.75,0.0,0.0,0.0,0.5,0.0,0.0,0.0,0.25,0.0,0.0,0.0,0.0,0.5,0.0,0.0,0.0,0.25,0.0,0.25,0.0,0.0,0.0
11050.0,0.0,0.5,0.0,0.2857142857142857,0.0,0.0,0.0,0.07142857142857142,0.0,0.2857142857142857,0.0,11713.57142857143,2.142857142857143,0.07142857142857142,0.07142857142857142,0.0,0.07142857142857142,0.14285714285714285,0.14285714285714285,0.07142857142857142,0.2857142857142857,0.0,0.0,0.0,0.07142857142857142,0.2857142857142857,0.0,0.07142857142857142,0.0,0.14285714285714285,0.0,0.0,0.0,0.0,0.0
11060.0,0.0,0.4375,0.125,0.4375,0.0,0.125,0.0,0.0,0.0,0.4375,0.0,2375.0,2.4375,0.25,0.0,0.0,0.125,0.0625,0.0625,0.0,0.4375,0.0,0.0,0.0,0.0625,0.0625,0.0,0.0,0.0,0.0,0.1875,0.0,0.0625,0.0,0.0625
11080.0,0.0,0.6666666666666666,0.3333333333333333,0.0,0.0,0.3333333333333333,0.0,0.0,0.0,0.3333333333333333,0.0,3333.3333333333335,1.3333333333333333,0.0,0.3333333333333333,0.0,0.0,0.0,0.0,0.0,0.0,0.0,0.0,0.0,0.0,0.0,0.3333333333333333,0.0,0.0,0.3333333333333333,0.0,0.0,0.0,0.0,0.0
11090.0,0.0,0.7777777777777778,0.0,0.2222222222222222,0.0,0.1111111111111111,0.0,0.0,0.0,0.1111111111111111,0.0,1666.6666666666667,1.7777777777777777,0.0,0.2222222222222222,0.0,0.2222222222222222,0.0,0.1111111111111111,0.0,0.4444444444444444,0.0,0.0,0.1111111111111111,0.0,0.4444444444444444,0.0,0.0,0.0,0.1111111111111111,0.1111111111111111,0.0,0.0,0.0,0.0
11100.0,0.0,0.375,0.0,0.125,0.125,0.0,0.0,0.25,0.0,0.375,0.0,16250.0,1.75,0.25,0.0,0.0,0.0,0.0,0.25,0.0,0.0,0.0,0.0,0.125,0.0,0.25,0.0,0.0,0.0,0.0,0.0,0.0,0.0,0.125,0.0
11110.0,0.0,0.6666666666666666,0.0,0.3333333333333333,0.0,0.0,0.0,0.3333333333333333,0.0,0.0,0.0,0.0,2.0,0.0,0.0,0.0,0.0,0.0,0.0,0.0,0.0,0.0,0.0,0.0,0.0,0.0,0.0,0.3333333333333333,0.0,0.0,0.0,0.0,0.0,0.0,0.0
11120.0,0.0,1.0,0.0,0.16666666666666666,0.0,0.0,0.0,0.0,0.0,0.0,0.0,0.0,1.3333333333333333,0.0,0.3333333333333333,0.0,0.0,0.3333333333333333,0.0,0.0,0.3333333333333333,0.0,0.0,0.0,0.0,0.8333333333333334,0.0,0.0,0.0,0.0,0.0,0.0,0.0,0.0,0.0
11130.0,0.0,0.2857142857142857,0.2857142857142857,0.42857142857142855,0.0,0.14285714285714285,0.0,0.07142857142857142,0.0,0.6428571428571429,0.0,10500.714285714286,2.2857142857142856,0.0,0.07142857142857142,0.0,0.07142857142857142,0.0,0.07142857142857142,0.0,0.14285714285714285,0.0,0.0,0.07142857142857142,0.0,0.14285714285714285,0.0,0.0,0.07142857142857142,0.14285714285714285,0.0,0.0,0.0,0.0,0.07142857142857142
11140.0,0.023809523809523808,0.35714285714285715,0.023809523809523808,0.40476190476190477,0.023809523809523808,0.14285714285714285,0.0,0.09523809523809523,0.0,0.6190476190476191,2857.1428571428573,9166.666666666666,2.5952380952380953,0.07142857142857142,0.21428571428571427,0.0,0.09523809523809523,0.023809523809523808,0.047619047619047616,0.0,0.2857142857142857,0.0,0.0,0.047619047619047616,0.047619047619047616,0.09523809523809523,0.023809523809523808,0.023809523809523808,0.0,0.11904761904761904,0.07142857142857142,0.0,0.0,0.0,0.11904761904761904
11150.0,0.0,0.0,0.0,1.0,0.0,0.0,0.0,0.0,0.0,1.0,0.0,0.0,3.0,0.0,0.0,0.0,0.0,0.0,0.0,0.0,1.0,0.0,0.0,0.0,0.0,0.0,0.0,0.0,1.0,0.0,0.0,0.0,0.0,0.0,0.0
11160.0,0.0,0.5,0.0,0.3,0.0,0.2,0.0,0.0,0.0,0.9,0.0,4801.0,2.2,0.1,0.5,0.0,0.0,0.0,0.1,0.0,0.6,0.0,0.0,0.0,0.2,0.1,0.0,0.0,0.0,0.4,0.1,0.0,0.0,0.1,0.0
11170.0,0.0,0.5,0.0,0.5,0.0,0.0,0.0,0.5,0.0,0.5,0.0,13000.0,1.5,0.0,0.0,0.0,0.0,0.0,0.0,0.0,0.5,0.0,0.0,0.0,0.0,0.0,0.0,0.0,0.0,0.0,0.0,0.0,0.0,0.0,0.0
11190.0,0.0,0.7407407407407407,0.07407407407407407,0.3333333333333333,0.1111111111111111,0.1111111111111111,0.0,0.037037037037037035,0.0,0.2962962962962963,0.0,6148.148148148148,2.2222222222222223,0.07407407407407407,0.14814814814814814,0.0,0.14814814814814814,0.0,0.1111111111111111,0.0,0.18518518518518517,0.0,0.0,0.0,0.0,0.14814814814814814,0.0,0.0,0.0,0.07407407407407407,0.0,0.037037037037037035,0.07407407407407407,0.037037037037037035,0.0
11200.0,0.0,0.5,0.0,0.0,0.0,0.0,0.0,0.5,0.0,0.0,0.0,5000.0,1.0,0.0,0.0,0.0,0.5,0.5,0.0,0.0,0.0,0.0,0.0,0.0,0.0,0.0,0.0,0.0,0.0,0.0,0.0,0.0,0.0,0.0,0.0
11210.0,0.0625,0.6875,0.0625,0.3125,0.125,0.0625,0.0,0.0625,0.0,0.6875,5750.0,13875.0,2.3125,0.125,0.25,0.0,0.1875,0.0,0.0,0.0,0.3125,0.0,0.0,0.0625,0.0,0.1875,0.0,0.0,0.0,0.1875,0.0,0.0,0.0625,0.125,0.0
11220.0,0.0,0.6,0.0,0.26666666666666666,0.0,0.06666666666666667,0.0,0.06666666666666667,0.0,0.26666666666666666,0.0,9200.0,1.6,0.13333333333333333,0.06666666666666667,0.0,0.2,0.06666666666666667,0.0,0.0,0.4,0.0,0.0,0.0,0.0,0.13333333333333333,0.06666666666666667,0.0,0.0,0.06666666666666667,0.0,0.0,0.0,0.13333333333333333,0.0
11230.0,0.03571428571428571,0.27380952380952384,0.07142857142857142,0.39285714285714285,0.023809523809523808,0.19047619047619047,0.0,0.03571428571428571,0.023809523809523808,0.6428571428571429,6309.523809523809,16547.738095238095,2.4166666666666665,0.08333333333333333,0.11904761904761904,0.011904761904761904,0.047619047619047616,0.023809523809523808,0.07142857142857142,0.011904761904761904,0.21428571428571427,0.0,0.0,0.047619047619047616,0.023809523809523808,0.05952380952380952,0.023809523809523808,0.05952380952380952,0.0,0.11904761904761904,0.023809523809523808,0.047619047619047616,0.023809523809523808,0.10714285714285714,0.023809523809523808
11240.0,0.031578947368421054,0.3473684210526316,0.042105263157894736,0.21052631578947367,0.07368421052631578,0.17894736842105263,0.0,0.031578947368421054,0.010526315789473684,0.3894736842105263,1294.7368421052631,39763.05263157895,2.3684210526315788,0.05263157894736842,0.2631578947368421,0.05263157894736842,0.09473684210526316,0.031578947368421054,0.010526315789473684,0.010526315789473684,0.24210526315789474,0.0,0.0,0.0,0.0,0.14736842105263157,0.05263157894736842,0.021052631578947368,0.010526315789473684,0.07368421052631578,0.021052631578947368,0.031578947368421054,0.06315789473684211,0.010526315789473684,0.010526315789473684
11250.0,0.0,0.0,0.0,0.14285714285714285,0.0,0.2857142857142857,0.0,0.0,0.0,0.7142857142857143,0.0,19857.14285714286,2.5714285714285716,0.0,0.42857142857142855,0.0,0.0,0.0,0.0,0.0,0.0,0.0,0.0,0.0,0.0,0.0,0.0,0.0,0.0,0.5714285714285714,0.14285714285714285,0.0,0.0,0.0,0.0
21010.0,0.0,0.5365853658536586,0.0,0.34146341463414637,0.07317073170731707,0.07317073170731707,0.0,0.0,0.024390243902439025,0.4634146341463415,0.0,3487.8048780487807,2.5365853658536586,0.024390243902439025,0.0975609756097561,0.0,0.07317073170731707,0.024390243902439025,0.1951219512195122,0.0,0.14634146341463414,0.0,0.17073170731707318,0.0,0.04878048780487805,0.0,0.0,0.07317073170731707,0.0,0.0,0.0,0.024390243902439025,0.0,0.14634146341463414,0.0
21020.0,0.0,0.8888888888888888,0.0,0.7222222222222222,0.0,0.0,0.0,0.0,0.0,0.6666666666666666,0.0,23388.333333333332,2.5555555555555554,0.05555555555555555,0.16666666666666666,0.0,0.1111111111111111,0.05555555555555555,0.05555555555555555,0.0,0.3888888888888889,0.0,0.2222222222222222,0.0,0.1111111111111111,0.0,0.0,0.1111111111111111,0.05555555555555555,0.05555555555555555,0.05555555555555555,0.0,0.0,0.1111111111111111,0.0
21030.0,0.0,0.75,0.0,0.5,0.0,0.0,0.0,0.0,0.0,1.25,0.0,15000.0,2.5,0.25,0.0,0.0,0.25,0.25,0.25,0.0,0.5,0.0,0.25,0.0,0.0,0.0,0.5,0.0,0.0,0.0,0.0,0.0,0.0,0.0,0.0
21040.0,0.0,0.8461538461538461,0.02564102564102564,0.5384615384615384,0.02564102564102564,0.05128205128205128,0.0,0.05128205128205128,0.10256410256410256,0.4358974358974359,0.0,3820.769230769231,2.4871794871794872,0.02564102564102564,0.28205128205128205,0.0,0.1282051282051282,0.1282051282051282,0.02564102564102564,0.02564102564102564,0.3333333333333333,0.0,0.07692307692307693,0.0,0.07692307692307693,0.0,0.02564102564102564,0.28205128205128205,0.05128205128205128,0.02564102564102564,0.02564102564102564,0.05128205128205128,0.0,0.07692307692307693,0.0
21050.0,0.0,0.4666666666666667,0.022222222222222223,0.4666666666666667,0.06666666666666667,0.06666666666666667,0.022222222222222223,0.022222222222222223,0.044444444444444446,0.5555555555555556,0.0,11955.555555555555,2.488888888888889,0.06666666666666667,0.1111111111111111,0.022222222222222223,0.06666666666666667,0.044444444444444446,0.044444444444444446,0.0,0.13333333333333333,0.0,0.08888888888888889,0.0,0.1111111111111111,0.0,0.022222222222222223,0.15555555555555556,0.022222222222222223,0.022222222222222223,0.0,0.06666666666666667,0.0,0.06666666666666667,0.022222222222222223
21060.0,0.0,0.6521739130434783,0.043478260869565216,0.5652173913043478,0.13043478260869565,0.21739130434782608,0.0,0.0,0.08695652173913043,0.6956521739130435,0.0,11564.782608695652,2.5217391304347827,0.08695652173913043,0.2608695652173913,0.0,0.043478260869565216,0.0,0.0,0.0,0.30434782608695654,0.0,0.13043478260869565,0.0,0.043478260869565216,0.0,0.043478260869565216,0.043478260869565216,0.0,0.043478260869565216,0.043478260869565216,0.08695652173913043,0.17391304347826086,0.043478260869565216,0.0
21070.0,0.058823529411764705,0.7058823529411765,0.058823529411764705,0.6470588235294118,0.058823529411764705,0.11764705882352941,0.0,0.0,0.0,0.7647058823529411,8823.529411764706,9117.64705882353,2.411764705882353,0.17647058823529413,0.29411764705882354,0.0,0.0,0.058823529411764705,0.17647058823529413,0.0,0.35294117647058826,0.0,0.17647058823529413,0.0,0.0,0.0,0.0,0.29411764705882354,0.0,0.058823529411764705,0.0,0.0,0.0,0.058823529411764705,0.0
21080.0,0.0,0.3333333333333333,0.0,0.0,0.0,0.0,0.0,0.0,0.0,0.5,0.0,22666.666666666668,2.0,0.0,0.3333333333333333,0.0,0.0,0.0,0.0,0.0,0.3333333333333333,0.0,0.0,0.0,0.16666666666666666,0.0,0.0,0.0,0.0,0.0,0.0,0.0,0.0,0.0,0.0
21090.0,0.032119914346895075,0.828693790149893,0.047109207708779445,0.6381156316916489,0.042826552462526764,0.09850107066381156,0.006423982869379015,0.014989293361884369,0.044967880085653104,0.7173447537473233,3873.426124197002,9646.745182012848,2.728051391862955,0.11349036402569593,0.21413276231263384,0.01284796573875803,0.08993576017130621,0.03854389721627409,0.06852248394004283,0.010706638115631691,0.2676659528907923,0.0,0.0835117773019272,0.0,0.13062098501070663,0.044967880085653104,0.029978586723768737,0.17130620985010706,0.010706638115631691,0.023554603854389723,0.04068522483940043,0.034261241970021415,0.055674518201284794,0.06638115631691649,0.006423982869379015
21100.0,0.0,0.7,0.06666666666666667,0.8666666666666667,0.0,0.16666666666666666,0.0,0.0,0.0,0.5666666666666667,0.0,5500.0,2.6333333333333333,0.16666666666666666,0.23333333333333334,0.0,0.1,0.06666666666666667,0.06666666666666667,0.0,0.1,0.0,0.03333333333333333,0.0,0.03333333333333333,0.0,0.03333333333333333,0.26666666666666666,0.0,0.03333333333333333,0.0,0.13333333333333333,0.03333333333333333,0.03333333333333333,0.03333333333333333
21110.0,0.0,0.6,0.1,0.5,0.0,0.1,0.0,0.05,0.0,0.3,0.0,4500.0,2.35,0.15,0.25,0.0,0.0,0.05,0.05,0.0,0.3,0.0,0.0,0.0,0.0,0.0,0.1,0.2,0.0,0.0,0.0,0.05,0.05,0.05,0.0
21120.0,0.0,1.0,0.0,0.5714285714285714,0.0,0.0,0.0,0.0,0.0,0.5714285714285714,0.0,5144.285714285715,3.0,0.0,0.0,0.0,0.0,0.0,0.2857142857142857,0.0,0.42857142857142855,0.0,0.0,0.0,0.0,0.0,0.42857142857142855,0.0,0.0,0.0,0.0,0.14285714285714285,0.0,0.0,0.0
21130.0,0.0,0.5,0.5,0.5,0.0,0.0,0.0,0.0,0.0,0.5,0.0,27505.0,2.5,0.5,0.0,0.0,0.0,0.0,0.0,0.0,0.0,0.0,0.0,0.0,0.0,0.0,0.0,0.0,0.0,0.0,0.0,0.0,0.5,0.0,0.0
21140.0,0.010869565217391304,0.9021739130434783,0.021739130434782608,0.6413043478260869,0.03260869565217391,0.010869565217391304,0.0,0.0,0.010869565217391304,0.358695652173913,2282.608695652174,4847.826086956522,2.608695652173913,0.10869565217391304,0.17391304347826086,0.0,0.07608695652173914,0.021739130434782608,0.17391304347826086,0.0,0.3695652173913043,0.0,0.06521739130434782,0.0,0.06521739130434782,0.03260869565217391,0.0,0.3695652173913043,0.0,0.0,0.0,0.010869565217391304,0.021739130434782608,0.010869565217391304,0.0
21150.0,0.0,0.5,0.16666666666666666,0.6666666666666666,0.0,0.0,0.0,0.0,0.0,0.6666666666666666,0.0,5500.0,2.1666666666666665,0.0,0.0,0.0,0.16666666666666666,0.16666666666666666,0.16666666666666666,0.0,0.3333333333333333,0.0,0.0,0.0,0.0,0.0,0.0,0.16666666666666666,0.0,0.16666666666666666,0.0,0.0,0.3333333333333333,0.0,0.0
21310.0,0.010752688172043012,0.8387096774193549,0.07526881720430108,0.5053763440860215,0.021505376344086023,0.03225806451612903,0.0,0.021505376344086023,0.0,0.3763440860215054,645.1612903225806,2225.8064516129034,2.5268817204301075,0.12903225806451613,0.23655913978494625,0.0,0.07526881720430108,0.08602150537634409,0.08602150537634409,0.010752688172043012,0.24731182795698925,0.0,0.03225806451612903,0.0,0.0967741935483871,0.010752688172043012,0.021505376344086023,0.27956989247311825,0.0,0.0,0.03225806451612903,0.03225806451612903,0.010752688172043012,0.053763440860215055,0.0
22010.0,0.0,0.410958904109589,0.0684931506849315,0.3698630136986301,0.0136986301369863,0.1232876712328767,0.0,0.0,0.0,0.3013698630136986,0.0,6753.424657534247,2.328767123287671,0.0273972602739726,0.1506849315068493,0.0,0.1232876712328767,0.0684931506849315,0.0958904109589041,0.0,0.3287671232876712,0.0,0.0273972602739726,0.0547945205479452,0.0,0.0136986301369863,0.0136986301369863,0.0684931506849315,0.0,0.0,0.0,0.0,0.0,0.6301369863013698,0.0
22020.0,0.037037037037037035,0.8148148148148148,0.0,0.5555555555555556,0.0,0.0,0.037037037037037035,0.037037037037037035,0.0,0.2962962962962963,4074.074074074074,5000.740740740741,2.2962962962962963,0.0,0.18518518518518517,0.0,0.037037037037037035,0.037037037037037035,0.1111111111111111,0.0,0.25925925925925924,0.0,0.07407407407407407,0.14814814814814814,0.0,0.037037037037037035,0.037037037037037035,0.18518518518518517,0.0,0.0,0.0,0.0,0.0,0.14814814814814814,0.037037037037037035
22030.0,0.0,0.5,0.0,0.5,0.0,0.5,0.0,0.0,0.0,0.5,0.0,0.0,3.0,0.0,0.0,0.0,0.0,0.0,0.0,0.0,0.0,0.0,0.0,0.0,0.0,0.0,0.5,0.0,0.0,0.0,0.0,0.0,0.0,0.0,0.0
22040.0,0.0,0.5,0.16666666666666666,0.8333333333333334,0.0,0.0,0.0,0.0,0.0,0.3333333333333333,0.0,5500.0,2.1666666666666665,0.0,0.16666666666666666,0.0,0.16666666666666666,0.0,0.0,0.0,0.5,0.0,0.16666666666666666,0.0,0.0,0.0,0.0,0.16666666666666666,0.16666666666666666,0.0,0.0,0.0,0.0,0.3333333333333333,0.0
22050.0,0.0,0.14285714285714285,0.14285714285714285,0.5714285714285714,0.0,0.0,0.0,0.14285714285714285,0.0,0.0,0.0,7285.714285714285,2.0,0.2857142857142857,0.14285714285714285,0.0,0.14285714285714285,0.0,0.14285714285714285,0.14285714285714285,0.2857142857142857,0.0,0.0,0.14285714285714285,0.0,0.0,0.0,0.14285714285714285,0.0,0.14285714285714285,0.0,0.0,0.0,0.5714285714285714,0.0
22060.0,0.0,0.6176470588235294,0.058823529411764705,0.47058823529411764,0.029411764705882353,0.029411764705882353,0.0,0.0,0.0,0.38235294117647056,0.0,10264.70588235294,2.3529411764705883,0.029411764705882353,0.14705882352941177,0.0,0.17647058823529413,0.11764705882352941,0.11764705882352941,0.058823529411764705,0.20588235294117646,0.0,0.029411764705882353,0.17647058823529413,0.0,0.0,0.029411764705882353,0.11764705882352941,0.0,0.0,0.0,0.0,0.0,0.47058823529411764,0.029411764705882353
22070.0,0.0,0.6388888888888888,0.027777777777777776,0.4722222222222222,0.0,0.05555555555555555,0.027777777777777776,0.0,0.027777777777777776,0.3333333333333333,0.0,22833.61111111111,2.4166666666666665,0.08333333333333333,0.16666666666666666,0.0,0.1111111111111111,0.0,0.05555555555555555,0.0,0.2222222222222222,0.0,0.027777777777777776,0.05555555555555555,0.0,0.027777777777777776,0.0,0.2222222222222222,0.0,0.08333333333333333,0.0,0.027777777777777776,0.05555555555555555,0.3333333333333333,0.0
22310.0,0.038461538461538464,0.6538461538461539,0.038461538461538464,0.5,0.038461538461538464,0.0,0.038461538461538464,0.0,0.0,0.2692307692307692,4615.384615384615,9885.0,2.1538461538461537,0.07692307692307693,0.11538461538461539,0.0,0.19230769230769232,0.038461538461538464,0.0,0.0,0.2692307692307692,0.0,0.038461538461538464,0.11538461538461539,0.0,0.07692307692307693,0.0,0.038461538461538464,0.0,0.038461538461538464,0.038461538461538464,0.038461538461538464,0.0,0.5,0.0
23010.0,0.0,0.5267857142857143,0.026785714285714284,0.4375,0.026785714285714284,0.026785714285714284,0.0,0.008928571428571428,0.008928571428571428,0.33035714285714285,0.0,11172.5,2.1607142857142856,0.08928571428571429,0.08928571428571429,0.017857142857142856,0.07142857142857142,0.026785714285714284,0.07142857142857142,0.008928571428571428,0.33035714285714285,0.0,0.3392857142857143,0.008928571428571428,0.008928571428571428,0.0,0.008928571428571428,0.0,0.008928571428571428,0.017857142857142856,0.0,0.0,0.0,0.008928571428571428,0.0
23020.0,0.0,0.5,0.0,0.0,0.0,0.0,0.0,0.0,0.0,1.0,0.0,26000.0,1.0,0.0,0.0,0.5,0.0,0.0,0.0,0.0,0.0,0.0,0.5,0.0,0.0,0.0,0.0,0.0,0.0,0.0,0.0,0.0,0.0,0.0,0.0
23030.0,0.0,0.0,0.0,0.0,0.0,0.0,0.0,1.0,0.0,0.0,0.0,0.0,1.0,0.0,0.0,0.0,0.0,0.0,0.0,0.0,0.0,0.0,0.0,0.0,0.0,0.0,0.0,0.0,0.0,0.0,0.0,0.0,0.0,0.0,0.0
23040.0,0.0,0.6153846153846154,0.11538461538461539,0.4230769230769231,0.15384615384615385,0.038461538461538464,0.0,0.0,0.0,0.38461538461538464,0.0,4615.7692307692305,1.9615384615384615,0.07692307692307693,0.11538461538461539,0.0,0.19230769230769232,0.038461538461538464,0.07692307692307693,0.0,0.34615384615384615,0.0,0.23076923076923078,0.0,0.0,0.0,0.038461538461538464,0.0,0.0,0.11538461538461539,0.038461538461538464,0.038461538461538464,0.038461538461538464,0.0,0.0
23050.0,0.0,0.5151515151515151,0.030303030303030304,0.24242424242424243,0.06060606060606061,0.030303030303030304,0.0,0.06060606060606061,0.0,0.21212121212121213,0.0,6060.606060606061,1.9090909090909092,0.09090909090909091,0.09090909090909091,0.0,0.030303030303030304,0.030303030303030304,0.09090909090909091,0.0,0.48484848484848486,0.0,0.24242424242424243,0.0,0.030303030303030304,0.0,0.06060606060606061,0.0,0.030303030303030304,0.030303030303030304,0.0,0.030303030303030304,0.0,0.030303030303030304,0.0
23060.0,0.0,0.2857142857142857,0.14285714285714285,0.7142857142857143,0.0,0.0,0.0,0.0,0.0,1.0,0.0,4000.0,2.7142857142857144,0.14285714285714285,0.14285714285714285,0.0,0.14285714285714285,0.0,0.14285714285714285,0.0,0.2857142857142857,0.0,0.14285714285714285,0.0,0.0,0.0,0.14285714285714285,0.0,0.0,0.14285714285714285,0.0,0.0,0.0,0.0,0.0
23070.0,0.0,0.3333333333333333,0.0,0.16666666666666666,0.0,0.0,0.0,0.5,0.0,0.0,0.0,12416.666666666666,1.5833333333333333,0.16666666666666666,0.16666666666666666,0.0,0.08333333333333333,0.08333333333333333,0.0,0.0,0.4166666666666667,0.0,0.0,0.0,0.0,0.0,0.0,0.0,0.0,0.0,0.0,0.0,0.0,0.0,0.0
23080.0,0.0,0.3333333333333333,0.3333333333333333,0.3333333333333333,0.0,0.3333333333333333,0.0,0.0,0.0,1.0,0.0,333.3333333333333,2.6666666666666665,0.0,0.0,0.0,0.6666666666666666,0.0,0.0,0.0,0.0,0.0,0.0,0.0,0.0,0.0,0.0,0.0,0.0,0.3333333333333333,0.0,0.0,0.0,0.0,0.0
23310.0,0.0,0.810126582278481,0.20253164556962025,0.5,0.03164556962025317,0.012658227848101266,0.0,0.02531645569620253,0.0759493670886076,0.45569620253164556,0.0,13122.025316455696,2.5443037974683542,0.05063291139240506,0.17088607594936708,0.012658227848101266,0.06962025316455696,0.04430379746835443,0.06329113924050633,0.0189873417721519,0.310126582278481,0.012658227848101266,0.46835443037974683,0.006329113924050633,0.0,0.0,0.0,0.0,0.02531645569620253,0.006329113924050633,0.02531645569620253,0.006329113924050633,0.0,0.0,0.0
23320.0,0.11764705882352941,0.7941176470588235,0.08823529411764706,0.8529411764705882,0.058823529411764705,0.17647058823529413,0.0,0.029411764705882353,0.058823529411764705,0.7941176470588235,10588.235294117647,7500.588235294118,2.735294117647059,0.14705882352941177,0.20588235294117646,0.029411764705882353,0.029411764705882353,0.0,0.058823529411764705,0.0,0.29411764705882354,0.0,0.6176470588235294,0.0,0.0,0.0,0.0,0.0,0.0,0.0,0.029411764705882353,0.0,0.029411764705882353,0.0,0.0
24010.0,0.0,0.6865671641791045,0.04477611940298507,0.5223880597014925,0.16417910447761194,0.23880597014925373,0.0,0.029850746268656716,0.014925373134328358,0.29850746268656714,0.0,10485.223880597016,2.8656716417910446,0.08955223880597014,0.1044776119402985,0.014925373134328358,0.1044776119402985,0.04477611940298507,0.1044776119402985,0.0,0.29850746268656714,0.0,0.04477611940298507,0.0,0.0,0.029850746268656716,0.0,0.0,0.0,0.014925373134328358,0.0,0.34328358208955223,0.4626865671641791,0.0,0.029850746268656716
24020.0,0.0,0.6333333333333333,0.0,0.6,0.2,0.4666666666666667,0.0,0.03333333333333333,0.0,0.5666666666666667,0.0,1433.3333333333333,3.2666666666666666,0.06666666666666667,0.03333333333333333,0.03333333333333333,0.06666666666666667,0.06666666666666667,0.06666666666666667,0.06666666666666667,0.16666666666666666,0.0,0.03333333333333333,0.0,0.0,0.03333333333333333,0.0,0.0,0.0,0.0,0.0,0.3,0.6,0.0,0.0
24030.0,0.0,0.6,0.08,0.52,0.16,0.36,0.0,0.0,0.0,0.56,0.0,6160.0,2.8,0.0,0.08,0.0,0.16,0.08,0.12,0.0,0.2,0.0,0.04,0.04,0.0,0.0,0.0,0.0,0.0,0.0,0.0,0.24,0.56,0.0,0.0
24040.0,0.0,0.8421052631578947,0.10526315789473684,0.5789473684210527,0.0,0.05263157894736842,0.0,0.05263157894736842,0.0,0.7368421052631579,0.0,12211.052631578947,2.1578947368421053,0.15789473684210525,0.05263157894736842,0.0,0.10526315789473684,0.05263157894736842,0.0,0.0,0.42105263157894735,0.0,0.15789473684210525,0.0,0.05263157894736842,0.0,0.0,0.0,0.05263157894736842,0.05263157894736842,0.05263157894736842,0.15789473684210525,0.42105263157894735,0.0,0.0
24050.0,0.0,0.6521739130434783,0.043478260869565216,0.6521739130434783,0.17391304347826086,0.3695652173913043,0.0,0.0,0.021739130434782608,0.5869565217391305,0.0,10543.478260869566,3.130434782608696,0.10869565217391304,0.08695652173913043,0.0,0.21739130434782608,0.06521739130434782,0.15217391304347827,0.0,0.21739130434782608,0.0,0.043478260869565216,0.0,0.0,0.0,0.0,0.0,0.0,0.0,0.0,0.2391304347826087,0.5869565217391305,0.0,0.043478260869565216
25000.0,0.0,1.0,0.0,1.0,0.0,0.0,0.0,0.0,0.0,2.0,0.0,0.0,3.0,0.0,0.0,0.0,1.0,0.0,0.0,0.0,1.0,0.0,0.0,0.0,0.0,0.0,0.0,0.0,0.0,1.0,0.0,0.0,0.0,0.0,0.0
25010.0,0.0,0.6666666666666666,0.0,0.5555555555555556,0.0,0.0,0.0,0.0,0.0,0.4444444444444444,0.0,3000.0,2.111111111111111,0.1111111111111111,0.1111111111111111,0.0,0.3333333333333333,0.0,0.2222222222222222,0.0,0.2222222222222222,0.0,0.2222222222222222,0.0,0.0,0.0,0.2222222222222222,0.1111111111111111,0.0,0.1111111111111111,0.0,0.0,0.1111111111111111,0.0,0.0
25020.0,0.020833333333333332,0.4791666666666667,0.08333333333333333,0.375,0.020833333333333332,0.041666666666666664,0.0,0.0,0.041666666666666664,0.041666666666666664,604.1666666666666,21771.041666666668,2.3333333333333335,0.0625,0.041666666666666664,0.0,0.125,0.0625,0.0625,0.0,0.2916666666666667,0.0,0.0,0.020833333333333332,0.020833333333333332,0.0,0.0,0.041666666666666664,0.14583333333333334,0.0,0.4166666666666667,0.0625,0.0,0.020833333333333332,0.0
25030.0,0.024390243902439025,0.5853658536585366,0.024390243902439025,0.4878048780487805,0.0,0.07317073170731707,0.0,0.04878048780487805,0.04878048780487805,0.4878048780487805,2439.0243902439024,6853.414634146341,2.097560975609756,0.0,0.1951219512195122,0.0,0.0975609756097561,0.07317073170731707,0.07317073170731707,0.0,0.43902439024390244,0.0,0.07317073170731707,0.04878048780487805,0.04878048780487805,0.024390243902439025,0.0,0.024390243902439025,0.0975609756097561,0.024390243902439025,0.0975609756097561,0.0975609756097561,0.07317073170731707,0.024390243902439025,0.0
25040.0,0.0,0.5465116279069767,0.03488372093023256,0.5232558139534884,0.06976744186046512,0.05813953488372093,0.023255813953488372,0.05813953488372093,0.023255813953488372,0.43023255813953487,0.0,11581.511627906977,2.5930232558139537,0.046511627906976744,0.11627906976744186,0.046511627906976744,0.06976744186046512,0.046511627906976744,0.09302325581395349,0.011627906976744186,0.3023255813953488,0.0,0.10465116279069768,0.09302325581395349,0.023255813953488372,0.05813953488372093,0.046511627906976744,0.0,0.05813953488372093,0.011627906976744186,0.09302325581395349,0.1511627906976744,0.046511627906976744,0.046511627906976744,0.0
25050.0,0.0,0.7916666666666666,0.041666666666666664,0.375,0.08333333333333333,0.08333333333333333,0.0,0.0,0.0,0.4166666666666667,0.0,3958.3333333333335,2.3333333333333335,0.0,0.08333333333333333,0.0,0.041666666666666664,0.08333333333333333,0.08333333333333333,0.0,0.25,0.08333333333333333,0.16666666666666666,0.0,0.0,0.0,0.0,0.0,0.2916666666666667,0.16666666666666666,0.16666666666666666,0.0,0.08333333333333333,0.08333333333333333,0.0
26010.0,0.0,0.5454545454545454,0.0,0.6363636363636364,0.18181818181818182,0.0,0.0,0.0,0.0,0.09090909090909091,0.0,908.1818181818181,2.0,0.0,0.18181818181818182,0.0,0.18181818181818182,0.09090909090909091,0.18181818181818182,0.0,0.09090909090909091,0.0,0.0,0.45454545454545453,0.09090909090909091,0.0,0.0,0.0,0.0,0.0,0.0,0.0,0.0,0.0,0.0
26020.0,0.0,0.6585365853658537,0.024390243902439025,0.5853658536585366,0.04878048780487805,0.12195121951219512,0.0,0.0,0.0,0.2926829268292683,0.0,9073.170731707318,2.2195121951219514,0.07317073170731707,0.14634146341463414,0.0,0.0,0.12195121951219512,0.024390243902439025,0.07317073170731707,0.21951219512195122,0.0,0.024390243902439025,0.34146341463414637,0.12195121951219512,0.0,0.0,0.0,0.0,0.024390243902439025,0.0,0.0,0.0,0.12195121951219512,0.0
26030.0,0.0,0.9259259259259259,0.07407407407407407,0.6296296296296297,0.0,0.0,0.0,0.0,0.0,0.37037037037037035,0.0,7852.222222222223,2.4444444444444446,0.07407407407407407,0.2222222222222222,0.0,0.037037037037037035,0.037037037037037035,0.25925925925925924,0.0,0.2222222222222222,0.0,0.0,0.4444444444444444,0.1111111111111111,0.037037037037037035,0.1111111111111111,0.0,0.0,0.0,0.0,0.0,0.0,0.14814814814814814,0.0
26040.0,0.0,1.0,0.4444444444444444,0.5555555555555556,0.0,0.0,0.0,0.0,0.1111111111111111,0.3333333333333333,0.0,1222.2222222222222,2.7777777777777777,0.0,0.0,0.0,0.5555555555555556,0.0,0.0,0.0,0.3333333333333333,0.0,0.0,0.1111111111111111,0.2222222222222222,0.0,0.0,0.0,0.0,0.0,0.0,0.0,0.0,0.1111111111111111,0.0
26310.0,0.01020408163265306,0.8367346938775511,0.10204081632653061,0.5816326530612245,0.0,0.030612244897959183,0.0,0.02040816326530612,0.0,0.3979591836734694,2551.0204081632655,3918.3673469387754,2.510204081632653,0.12244897959183673,0.1836734693877551,0.0,0.10204081632653061,0.04081632653061224,0.08163265306122448,0.0,0.30612244897959184,0.0,0.0,0.46938775510204084,0.11224489795918367,0.04081632653061224,0.02040816326530612,0.0,0.030612244897959183,0.0,0.030612244897959183,0.030612244897959183,0.0,0.07142857142857142,0.0
29010.0,0.0,0.8253968253968254,0.031746031746031744,0.5396825396825397,0.047619047619047616,0.0,0.0,0.0,0.015873015873015872,0.1746031746031746,0.0,4301.587301587301,2.238095238095238,0.0,0.09523809523809523,0.0,0.031746031746031744,0.06349206349206349,0.07936507936507936,0.0,0.1746031746031746,0.0,0.015873015873015872,0.0,0.0,0.015873015873015872,0.0,0.0,0.0,0.0,0.1746031746031746,0.015873015873015872,0.0,0.0,0.015873015873015872
31010.0,0.0,0.5166666666666667,0.25,0.4666666666666667,0.016666666666666666,0.08333333333333333,0.0,0.0,0.016666666666666666,0.25,0.0,6775.0,2.283333333333333,0.1,0.06666666666666667,0.0,0.11666666666666667,0.1,0.03333333333333333,0.016666666666666666,0.21666666666666667,0.016666666666666666,0.23333333333333334,0.0,0.0,0.1,0.0,0.016666666666666666,0.016666666666666666,0.0,0.03333333333333333,0.05,0.03333333333333333,0.0,0.03333333333333333
31020.0,0.0,0.6470588235294118,0.11764705882352941,0.17647058823529413,0.058823529411764705,0.0,0.0,0.058823529411764705,0.0,0.11764705882352941,0.0,3764.705882352941,1.7058823529411764,0.0,0.17647058823529413,0.0,0.11764705882352941,0.058823529411764705,0.11764705882352941,0.0,0.23529411764705882,0.0,0.23529411764705882,0.0,0.0,0.23529411764705882,0.058823529411764705,0.0,0.0,0.0,0.0,0.0,0.0,0.058823529411764705,0.0
31030.0,0.0,0.18181818181818182,0.0,0.2727272727272727,0.0,0.0,0.0,0.0,0.0,0.18181818181818182,0.0,19998.18181818182,1.6363636363636365,0.09090909090909091,0.0,0.0,0.09090909090909091,0.0,0.18181818181818182,0.09090909090909091,0.09090909090909091,0.0,0.09090909090909091,0.0,0.0,0.2727272727272727,0.0,0.0,0.0,0.18181818181818182,0.0,0.0,0.0,0.0,0.0
31040.0,0.0,0.4444444444444444,0.1111111111111111,0.6666666666666666,0.1111111111111111,0.0,0.0,0.0,0.0,0.2222222222222222,0.0,6665.555555555556,2.3333333333333335,0.3333333333333333,0.1111111111111111,0.0,0.0,0.1111111111111111,0.2222222222222222,0.0,0.5555555555555556,0.0,0.4444444444444444,0.1111111111111111,0.1111111111111111,0.1111111111111111,0.0,0.0,0.0,0.0,0.0,0.0,0.0,0.0,0.0
31050.0,0.0,0.52,0.0,0.24,0.04,0.04,0.0,0.0,0.0,0.12,0.0,11320.0,2.16,0.08,0.16,0.04,0.04,0.08,0.0,0.0,0.16,0.0,0.2,0.0,0.0,0.52,0.0,0.0,0.0,0.04,0.0,0.0,0.0,0.0,0.0
31060.0,0.0,0.7368421052631579,0.15789473684210525,0.3157894736842105,0.0,0.05263157894736842,0.0,0.0,0.0,0.05263157894736842,0.0,19737.36842105263,2.3157894736842106,0.21052631578947367,0.10526315789473684,0.0,0.10526315789473684,0.15789473684210525,0.05263157894736842,0.0,0.10526315789473684,0.0,0.3157894736842105,0.0,0.0,0.15789473684210525,0.0,0.0,0.0,0.10526315789473684,0.0,0.0,0.0,0.0,0.0
31070.0,0.0,0.6111111111111112,0.0,0.4444444444444444,0.1111111111111111,0.0,0.0,0.05555555555555555,0.0,0.6666666666666666,0.0,6501.111111111111,2.0555555555555554,0.05555555555555555,0.2222222222222222,0.0,0.2777777777777778,0.0,0.05555555555555555,0.0,0.2777777777777778,0.0,0.16666666666666666,0.0,0.05555555555555555,0.2777777777777778,0.05555555555555555,0.05555555555555555,0.0,0.0,0.05555555555555555,0.0,0.0,0.0,0.0
31080.0,0.0,0.8333333333333334,0.0,0.3333333333333333,0.0,0.0,0.0,0.16666666666666666,0.0,0.08333333333333333,0.0,9166.666666666666,2.1666666666666665,0.0,0.3333333333333333,0.0,0.08333333333333333,0.08333333333333333,0.08333333333333333,0.08333333333333333,0.16666666666666666,0.0,0.5833333333333334,0.0,0.0,0.25,0.0,0.0,0.0,0.0,0.0,0.0,0.0,0.0,0.0
31090.0,0.01818181818181818,0.9090909090909091,0.0,0.6363636363636364,0.03636363636363636,0.01818181818181818,0.0,0.0,0.01818181818181818,0.38181818181818183,1600.0,5073.272727272727,2.5090909090909093,0.05454545454545454,0.16363636363636364,0.01818181818181818,0.01818181818181818,0.09090909090909091,0.12727272727272726,0.0,0.34545454545454546,0.0,0.41818181818181815,0.0,0.0,0.34545454545454546,0.0,0.0,0.0,0.01818181818181818,0.0,0.0,0.0,0.0,0.0
31100.0,0.038461538461538464,0.5961538461538461,0.038461538461538464,0.3269230769230769,0.09615384615384616,0.0,0.0,0.07692307692307693,0.038461538461538464,0.23076923076923078,4038.4615384615386,17230.576923076922,2.019230769230769,0.09615384615384616,0.09615384615384616,0.0,0.11538461538461539,0.07692307692307693,0.057692307692307696,0.0,0.25,0.0,0.40384615384615385,0.0,0.019230769230769232,0.21153846153846154,0.038461538461538464,0.038461538461538464,0.0,0.019230769230769232,0.019230769230769232,0.019230769230769232,0.019230769230769232,0.019230769230769232,0.019230769230769232
31110.0,0.018518518518518517,0.48148148148148145,0.0,0.2962962962962963,0.05555555555555555,0.0,0.018518518518518517,0.0,0.018518518518518517,0.12962962962962962,2222.222222222222,24805.37037037037,2.037037037037037,0.037037037037037035,0.2222222222222222,0.018518518518518517,0.12962962962962962,0.037037037037037035,0.0,0.0,0.35185185185185186,0.0,0.25925925925925924,0.018518518518518517,0.0,0.14814814814814814,0.0,0.0,0.0,0.0,0.018518518518518517,0.037037037037037035,0.037037037037037035,0.0,0.0
31120.0,0.0,0.6363636363636364,0.0,0.2727272727272727,0.0,0.0,0.0,0.09090909090909091,0.09090909090909091,0.36363636363636365,0.0,2272.7272727272725,1.8181818181818181,0.18181818181818182,0.0,0.0,0.0,0.09090909090909091,0.09090909090909091,0.0,0.2727272727272727,0.0,0.5454545454545454,0.0,0.0,0.0,0.0,0.0,0.0,0.09090909090909091,0.0,0.0,0.0,0.0,0.0
31130.0,0.01694915254237288,0.7457627118644068,0.05084745762711865,0.4915254237288136,0.05084745762711865,0.0,0.0,0.0,0.03389830508474576,0.13559322033898305,508.47457627118644,7271.35593220339,2.3220338983050848,0.03389830508474576,0.11864406779661017,0.0,0.06779661016949153,0.13559322033898305,0.05084745762711865,0.0,0.3559322033898305,0.0,0.6101694915254238,0.0,0.0,0.11864406779661017,0.03389830508474576,0.0,0.0,0.01694915254237288,0.0,0.01694915254237288,0.01694915254237288,0.01694915254237288,0.0
31140.0,0.0,0.5,0.0,0.16666666666666666,0.0,0.0,0.0,0.0,0.0,0.16666666666666666,0.0,20748.333333333332,2.1666666666666665,0.0,0.0,0.16666666666666666,0.3333333333333333,0.16666666666666666,0.0,0.0,0.3333333333333333,0.0,0.0,0.0,0.0,0.3333333333333333,0.0,0.0,0.0,0.16666666666666666,0.0,0.0,0.0,0.0,0.0
31150.0,0.0,0.8636363636363636,0.045454545454545456,0.3181818181818182,0.045454545454545456,0.0,0.0,0.045454545454545456,0.0,0.18181818181818182,0.0,9364.09090909091,2.090909090909091,0.045454545454545456,0.045454545454545456,0.045454545454545456,0.0,0.09090909090909091,0.09090909090909091,0.0,0.18181818181818182,0.0,0.2727272727272727,0.09090909090909091,0.0,0.22727272727272727,0.045454545454545456,0.0,0.0,0.0,0.0,0.0,0.0,0.0,0.0
31160.0,0.0,1.0,0.0,0.0,0.0,0.0,0.0,0.0,0.0,0.0,0.0,0.0,1.75,0.0,0.0,0.0,0.0,0.0,0.0,0.0,0.0,0.0,0.25,0.0,0.0,0.5,0.0,0.0,0.0,0.0,0.0,0.0,0.0,0.0,0.0
31170.0,0.0,1.0,0.0,0.14285714285714285,0.0,0.0,0.0,0.2857142857142857,0.0,0.0,0.0,7142.857142857143,1.8571428571428572,0.0,0.0,0.0,0.0,0.42857142857142855,0.14285714285714285,0.0,0.42857142857142855,0.0,0.0,0.0,0.0,0.42857142857142855,0.0,0.0,0.0,0.0,0.0,0.0,0.0,0.0,0.0
31180.0,0.0,0.6363636363636364,0.09090909090909091,0.45454545454545453,0.0,0.09090909090909091,0.0,0.2727272727272727,0.09090909090909091,0.18181818181818182,0.0,3818.181818181818,2.0,0.0,0.09090909090909091,0.0,0.0,0.0,0.09090909090909091,0.0,0.45454545454545453,0.0,0.6363636363636364,0.0,0.0,0.0,0.0,0.0,0.0,0.0,0.0,0.0,0.0,0.09090909090909091,0.0
31190.0,0.07746478873239436,0.4014084507042254,0.06338028169014084,0.2676056338028169,0.035211267605633804,0.014084507042253521,0.0,0.007042253521126761,0.02112676056338028,0.2535211267605634,6302.6760563380285,46466.126760563384,2.0704225352112675,0.07746478873239436,0.2112676056338028,0.028169014084507043,0.056338028169014086,0.014084507042253521,0.007042253521126761,0.014084507042253521,0.3028169014084507,0.0,0.34507042253521125,0.007042253521126761,0.007042253521126761,0.08450704225352113,0.007042253521126761,0.02112676056338028,0.007042253521126761,0.035211267605633804,0.056338028169014086,0.04225352112676056,0.007042253521126761,0.028169014084507043,0.0
31200.0,0.013513513513513514,0.7702702702702703,0.12162162162162163,0.4864864864864865,0.05405405405405406,0.013513513513513514,0.0,0.02702702702702703,0.013513513513513514,0.16216216216216217,1621.6216216216217,9405.135135135135,2.324324324324324,0.12162162162162163,0.1891891891891892,0.013513513513513514,0.08108108108108109,0.05405405405405406,0.10810810810810811,0.0,0.20270270270270271,0.0,0.3108108108108108,0.0,0.013513513513513514,0.28378378378378377,0.0,0.0,0.04054054054054054,0.02702702702702703,0.02702702702702703,0.0,0.02702702702702703,0.013513513513513514,0.0
31210.0,0.13043478260869565,0.5217391304347826,0.0,0.5652173913043478,0.17391304347826086,0.0,0.0,0.0,0.0,0.30434782608695654,21673.91304347826,32043.91304347826,2.4782608695652173,0.0,0.2608695652173913,0.0,0.0,0.17391304347826086,0.08695652173913043,0.0,0.30434782608695654,0.0,0.30434782608695654,0.0,0.043478260869565216,0.17391304347826086,0.0,0.043478260869565216,0.0,0.043478260869565216,0.043478260869565216,0.0,0.0,0.0,0.0
31220.0,0.08333333333333333,0.5833333333333334,0.08333333333333333,0.375,0.08333333333333333,0.0,0.0,0.0,0.0,0.16666666666666666,9166.666666666666,14687.5,2.25,0.16666666666666666,0.08333333333333333,0.0,0.0,0.0,0.0,0.0,0.16666666666666666,0.0,0.08333333333333333,0.0,0.041666666666666664,0.25,0.0,0.0,0.0,0.0,0.041666666666666664,0.041666666666666664,0.0,0.041666666666666664,0.0
31230.0,0.03225806451612903,0.5161290322580645,0.0967741935483871,0.6129032258064516,0.0,0.03225806451612903,0.0,0.0,0.0,0.3225806451612903,2741.935483870968,8000.0,2.032258064516129,0.0967741935483871,0.03225806451612903,0.0,0.0967741935483871,0.0967741935483871,0.16129032258064516,0.0,0.12903225806451613,0.03225806451612903,0.41935483870967744,0.0,0.0,0.22580645161290322,0.03225806451612903,0.0,0.0,0.03225806451612903,0.0,0.0,0.0,0.0,0.03225806451612903
31240.0,0.0,0.6181818181818182,0.03636363636363636,0.34545454545454546,0.01818181818181818,0.01818181818181818,0.0,0.01818181818181818,0.05454545454545454,0.2909090909090909,0.0,8054.727272727273,1.981818181818182,0.09090909090909091,0.07272727272727272,0.01818181818181818,0.05454545454545454,0.14545454545454545,0.10909090909090909,0.0,0.3090909090909091,0.0,0.14545454545454545,0.0,0.0,0.2,0.01818181818181818,0.0,0.03636363636363636,0.01818181818181818,0.0,0.0,0.0,0.03636363636363636,0.0
31250.0,0.047619047619047616,0.7142857142857143,0.015873015873015872,0.47619047619047616,0.06349206349206349,0.0,0.0,0.0,0.047619047619047616,0.2222222222222222,5698.412698412699,16650.15873015873,1.9682539682539681,0.06349206349206349,0.15873015873015872,0.015873015873015872,0.15873015873015872,0.1111111111111111,0.047619047619047616,0.0,0.2222222222222222,0.0,0.2222222222222222,0.0,0.0,0.14285714285714285,0.015873015873015872,0.0,0.0,0.031746031746031744,0.0,0.0,0.0,0.0,0.0
31260.0,0.0,0.7352941176470589,0.029411764705882353,0.5294117647058824,0.029411764705882353,0.0,0.0,0.029411764705882353,0.0,0.14705882352941177,0.0,6338.235294117647,2.2941176470588234,0.058823529411764705,0.17647058823529413,0.0,0.11764705882352941,0.0,0.11764705882352941,0.0,0.23529411764705882,0.0,0.3235294117647059,0.0,0.0,0.20588235294117646,0.0,0.0,0.0,0.0,0.058823529411764705,0.0,0.0,0.0,0.0
31270.0,0.015503875968992248,0.751937984496124,0.007751937984496124,0.6201550387596899,0.015503875968992248,0.0,0.0,0.007751937984496124,0.05426356589147287,0.2558139534883721,2356.5891472868216,13705.503875968992,2.4031007751937983,0.09302325581395349,0.16279069767441862,0.0,0.06201550387596899,0.10852713178294573,0.08527131782945736,0.0,0.4108527131782946,0.0,0.5193798449612403,0.015503875968992248,0.007751937984496124,0.12403100775193798,0.0,0.0,0.0,0.015503875968992248,0.007751937984496124,0.0,0.0,0.007751937984496124,0.0
31280.0,0.0,0.625,0.0625,0.5625,0.0625,0.0,0.0,0.0,0.0,0.1875,0.0,14487.8125,2.3125,0.03125,0.09375,0.0,0.09375,0.03125,0.09375,0.0,0.25,0.0,0.34375,0.03125,0.0,0.15625,0.0,0.0,0.0,0.0625,0.0625,0.0,0.0,0.0,0.0
31350.0,0.0,0.9047619047619048,0.14285714285714285,0.7619047619047619,0.047619047619047616,0.047619047619047616,0.0,0.047619047619047616,0.0,0.2857142857142857,0.0,26525.238095238095,2.6666666666666665,0.19047619047619047,0.14285714285714285,0.0,0.09523809523809523,0.14285714285714285,0.0,0.047619047619047616,0.38095238095238093,0.0,0.3333333333333333,0.0,0.0,0.09523809523809523,0.0,0.0,0.0,0.0,0.0,0.0,0.0,0.0,0.0
31370.0,0.036544850498338874,0.8637873754152824,0.036544850498338874,0.6345514950166113,0.053156146179401995,0.023255813953488372,0.0,0.016611295681063124,0.006644518272425249,0.46511627906976744,3594.7176079734218,13972.558139534884,2.4817275747508307,0.09966777408637874,0.16943521594684385,0.023255813953488372,0.0664451827242525,0.06312292358803986,0.03986710963455149,0.009966777408637873,0.2292358803986711,0.0,0.3754152823920266,0.0033222591362126247,0.006644518272425249,0.1461794019933555,0.009966777408637873,0.0,0.029900332225913623,0.029900332225913623,0.03986710963455149,0.03322259136212625,0.006644518272425249,0.0033222591362126247,0.0
31380.0,0.0070921985815602835,0.75177304964539,0.0070921985815602835,0.6453900709219859,0.014184397163120567,0.03546099290780142,0.0,0.0070921985815602835,0.0070921985815602835,0.28368794326241137,1418.5106382978724,6546.241134751773,2.326241134751773,0.09929078014184398,0.15602836879432624,0.028368794326241134,0.0425531914893617,0.0425531914893617,0.09219858156028368,0.0,0.16312056737588654,0.0,0.5602836879432624,0.0070921985815602835,0.0,0.1702127659574468,0.0,0.0,0.0,0.014184397163120567,0.0070921985815602835,0.0,0.014184397163120567,0.0,0.0
32010.0,0.005025125628140704,0.7839195979899497,0.03015075376884422,0.542713567839196,0.02512562814070352,0.07035175879396985,0.0,0.005025125628140704,0.02512562814070352,0.4271356783919598,60.301507537688444,13263.61809045226,2.512562814070352,0.04020100502512563,0.1306532663316583,0.0,0.05527638190954774,0.04522613065326633,0.10552763819095477,0.01507537688442211,0.3316582914572864,0.0,0.32160804020100503,0.005025125628140704,0.010050251256281407,0.12562814070351758,0.01507537688442211,0.020100502512562814,0.005025125628140704,0.1306532663316583,0.04522613065326633,0.005025125628140704,0.01507537688442211,0.010050251256281407,0.0
32020.0,0.0875,0.9,0.0625,0.6,0.0125,0.0375,0.0,0.05,0.025,0.5875,4150.0,10574.875,2.525,0.0875,0.2125,0.0375,0.1,0.1125,0.0875,0.0125,0.1375,0.0,0.2,0.025,0.0625,0.025,0.0,0.0125,0.0375,0.1125,0.075,0.025,0.0125,0.025,0.0
32030.0,0.0223463687150838,0.8603351955307262,0.10893854748603352,0.6955307262569832,0.0335195530726257,0.05307262569832402,0.002793296089385475,0.0111731843575419,0.09217877094972067,0.8491620111731844,2639.664804469274,8178.743016759777,2.7513966480446927,0.09776536312849161,0.24022346368715083,0.002793296089385475,0.08659217877094973,0.0335195530726257,0.12011173184357542,0.013966480446927373,0.3407821229050279,0.0,0.2541899441340782,0.01675977653631285,0.008379888268156424,0.07262569832402235,0.013966480446927373,0.019553072625698324,0.013966480446927373,0.20670391061452514,0.08100558659217877,0.0111731843575419,0.0,0.025139664804469275,0.0
32040.0,0.03896103896103896,0.8051948051948052,0.03896103896103896,0.7142857142857143,0.05194805194805195,0.06493506493506493,0.0,0.0,0.12987012987012986,0.9090909090909091,2597.4025974025976,11026.103896103896,2.675324675324675,0.16883116883116883,0.19480519480519481,0.0,0.11688311688311688,0.025974025974025976,0.07792207792207792,0.0,0.3246753246753247,0.0,0.16883116883116883,0.025974025974025976,0.0,0.03896103896103896,0.012987012987012988,0.025974025974025976,0.025974025974025976,0.2077922077922078,0.03896103896103896,0.06493506493506493,0.025974025974025976,0.025974025974025976,0.0
32050.0,0.125,0.9583333333333334,0.0,0.6666666666666666,0.125,0.041666666666666664,0.0,0.08333333333333333,0.16666666666666666,1.0,18958.333333333332,11437.083333333334,2.625,0.08333333333333333,0.20833333333333334,0.08333333333333333,0.125,0.041666666666666664,0.0,0.0,0.041666666666666664,0.0,0.25,0.0,0.0,0.16666666666666666,0.0,0.0,0.0,0.125,0.041666666666666664,0.041666666666666664,0.0,0.08333333333333333,0.041666666666666664
32060.0,0.03225806451612903,0.8436724565756824,0.07444168734491315,0.6575682382133995,0.02481389578163772,0.06947890818858561,0.0,0.017369727047146403,0.1761786600496278,0.9776674937965261,3724.565756823821,8548.461538461539,2.6476426799007444,0.10669975186104218,0.23573200992555832,0.0024813895781637717,0.08188585607940446,0.017369727047146403,0.1141439205955335,0.009925558312655087,0.34739454094292804,0.0,0.2878411910669975,0.007444168734491315,0.009925558312655087,0.12158808933002481,0.01488833746898263,0.009925558312655087,0.01488833746898263,0.14640198511166252,0.03970223325062035,0.0024813895781637717,0.007444168734491315,0.019851116625310174,0.0
32070.0,0.043478260869565216,0.8405797101449275,0.028985507246376812,0.6956521739130435,0.028985507246376812,0.028985507246376812,0.0,0.043478260869565216,0.14492753623188406,0.9565217391304348,4202.898550724638,12043.768115942028,2.4782608695652173,0.13043478260869565,0.13043478260869565,0.0,0.13043478260869565,0.028985507246376812,0.057971014492753624,0.028985507246376812,0.2753623188405797,0.0,0.21739130434782608,0.028985507246376812,0.0,0.07246376811594203,0.0,0.014492753623188406,0.014492753623188406,0.21739130434782608,0.028985507246376812,0.0,0.0,0.08695652173913043,0.0
32310.0,0.036585365853658534,0.6585365853658537,0.036585365853658534,0.6463414634146342,0.0,0.024390243902439025,0.0,0.024390243902439025,0.3048780487804878,0.9024390243902439,5121.951219512195,23195.0,2.2804878048780486,0.10975609756097561,0.18292682926829268,0.0,0.0975609756097561,0.036585365853658534,0.07317073170731707,0.024390243902439025,0.2682926829268293,0.0,0.5121951219512195,0.0,0.0,0.17073170731707318,0.012195121951219513,0.0,0.0,0.06097560975609756,0.0,0.012195121951219513,0.012195121951219513,0.024390243902439025,0.0
32320.0,0.0,0.8333333333333334,0.1111111111111111,0.4444444444444444,0.05555555555555555,0.0,0.0,0.0,0.1111111111111111,0.6666666666666666,0.0,4333.333333333333,2.2222222222222223,0.1111111111111111,0.16666666666666666,0.0,0.0,0.1111111111111111,0.16666666666666666,0.0,0.3333333333333333,0.0,0.5555555555555556,0.1111111111111111,0.0,0.05555555555555555,0.0,0.0,0.0,0.05555555555555555,0.1111111111111111,0.0,0.0,0.0,0.0
32330.0,0.03125,0.90625,0.0625,0.71875,0.03125,0.03125,0.0,0.0,0.09375,0.65625,3125.0,14499.6875,2.3125,0.1875,0.25,0.0,0.03125,0.0,0.03125,0.0,0.1875,0.0,0.28125,0.0,0.0,0.0625,0.0,0.03125,0.0,0.15625,0.25,0.0,0.0,0.03125,0.0
32340.0,0.05128205128205128,0.7948717948717948,0.07692307692307693,0.6538461538461539,0.0,0.01282051282051282,0.0,0.038461538461538464,0.2692307692307692,0.9615384615384616,13974.358974358975,25102.69230769231,2.628205128205128,0.08974358974358974,0.24358974358974358,0.01282051282051282,0.11538461538461539,0.02564102564102564,0.01282051282051282,0.0,0.28205128205128205,0.0,0.23076923076923078,0.0,0.02564102564102564,0.11538461538461539,0.0,0.038461538461538464,0.01282051282051282,0.16666666666666666,0.038461538461538464,0.01282051282051282,0.0,0.05128205128205128,0.0
32350.0,0.12727272727272726,0.8181818181818182,0.05454545454545454,0.7090909090909091,0.09090909090909091,0.05454545454545454,0.0,0.01818181818181818,0.3090909090909091,0.8181818181818182,21272.727272727272,30154.545454545456,2.9272727272727272,0.14545454545454545,0.12727272727272726,0.0,0.12727272727272726,0.05454545454545454,0.07272727272727272,0.01818181818181818,0.2909090909090909,0.0,0.2727272727272727,0.0,0.0,0.03636363636363636,0.03636363636363636,0.01818181818181818,0.0,0.18181818181818182,0.01818181818181818,0.05454545454545454,0.0,0.01818181818181818,0.0
32360.0,0.0,0.75,0.25,0.625,0.0625,0.0,0.0,0.0625,0.0,0.625,0.0,10563.125,2.25,0.125,0.0625,0.0,0.125,0.1875,0.0625,0.0,0.1875,0.0,0.1875,0.0,0.0,0.125,0.0625,0.0,0.0,0.0,0.0,0.0,0.0,0.0,0.0
32370.0,0.18181818181818182,0.7272727272727273,0.0,0.7272727272727273,0.5454545454545454,0.0,0.0,0.0,0.0,0.6363636363636364,10909.09090909091,14909.09090909091,2.4545454545454546,0.0,0.18181818181818182,0.0,0.0,0.0,0.09090909090909091,0.0,0.2727272727272727,0.0,0.18181818181818182,0.0,0.0,0.09090909090909091,0.09090909090909091,0.0,0.0,0.2727272727272727,0.0,0.0,0.0,0.09090909090909091,0.0
32380.0,0.0,0.8181818181818182,0.18181818181818182,0.5454545454545454,0.09090909090909091,0.0,0.0,0.0,0.18181818181818182,0.9090909090909091,0.0,7726.363636363636,2.4545454545454546,0.18181818181818182,0.0,0.0,0.0,0.0,0.0,0.0,0.18181818181818182,0.0,0.2727272727272727,0.09090909090909091,0.0,0.0,0.0,0.0,0.0,0.18181818181818182,0.0,0.0,0.0,0.09090909090909091,0.0
32390.0,0.1724137931034483,0.7931034482758621,0.034482758620689655,0.5862068965517241,0.1724137931034483,0.034482758620689655,0.0,0.0,0.06896551724137931,0.7586206896551724,9272.413793103447,10586.206896551725,2.5172413793103448,0.10344827586206896,0.13793103448275862,0.06896551724137931,0.13793103448275862,0.06896551724137931,0.034482758620689655,0.0,0.13793103448275862,0.0,0.41379310344827586,0.034482758620689655,0.06896551724137931,0.13793103448275862,0.0,0.0,0.0,0.06896551724137931,0.06896551724137931,0.0,0.0,0.0,0.034482758620689655
32400.0,0.0,0.90625,0.125,0.75,0.0625,0.0625,0.0,0.0625,0.15625,0.8125,0.0,7062.1875,2.71875,0.09375,0.25,0.0,0.0625,0.125,0.09375,0.0,0.40625,0.0,0.1875,0.03125,0.0,0.0,0.0,0.03125,0.03125,0.3125,0.0,0.0,0.0,0.0,0.0
32410.0,0.028985507246376812,0.8695652173913043,0.057971014492753624,0.7101449275362319,0.028985507246376812,0.014492753623188406,0.0,0.07246376811594203,0.17391304347826086,0.8260869565217391,3333.478260869565,11267.971014492754,2.550724637681159,0.15942028985507245,0.14492753623188406,0.0,0.10144927536231885,0.014492753623188406,0.043478260869565216,0.0,0.2608695652173913,0.0,0.2753623188405797,0.028985507246376812,0.014492753623188406,0.08695652173913043,0.0,0.0,0.014492753623188406,0.2318840579710145,0.014492753623188406,0.0,0.014492753623188406,0.0,0.014492753623188406
33020.0,0.0,0.7692307692307693,0.07692307692307693,0.6538461538461539,0.01282051282051282,0.01282051282051282,0.0,0.02564102564102564,0.038461538461538464,0.46153846153846156,0.0,9980.897435897436,2.551282051282051,0.0641025641025641,0.21794871794871795,0.02564102564102564,0.07692307692307693,0.02564102564102564,0.02564102564102564,0.01282051282051282,0.28205128205128205,0.0,0.07692307692307693,0.0,0.01282051282051282,0.038461538461538464,0.0,0.01282051282051282,0.07692307692307693,0.0641025641025641,0.358974358974359,0.038461538461538464,0.01282051282051282,0.02564102564102564,0.0
33030.0,0.03488372093023256,0.8953488372093024,0.08139534883720931,0.6162790697674418,0.023255813953488372,0.011627906976744186,0.0,0.0,0.06976744186046512,0.36046511627906974,2965.1162790697676,12593.372093023256,2.604651162790698,0.03488372093023256,0.18604651162790697,0.023255813953488372,0.09302325581395349,0.05813953488372093,0.03488372093023256,0.0,0.23255813953488372,0.0,0.13953488372093023,0.0,0.011627906976744186,0.03488372093023256,0.0,0.011627906976744186,0.08139534883720931,0.10465116279069768,0.3488372093023256,0.0,0.0,0.023255813953488372,0.0
33040.0,0.02,0.72,0.04,0.56,0.08,0.04,0.0,0.0,0.0,0.42,1320.0,8169.8,2.44,0.02,0.18,0.0,0.1,0.04,0.12,0.0,0.32,0.0,0.06,0.08,0.02,0.06,0.02,0.02,0.08,0.02,0.2,0.02,0.02,0.08,0.02
33320.0,0.046153846153846156,0.9230769230769231,0.23076923076923078,0.46153846153846156,0.015384615384615385,0.0,0.0,0.015384615384615385,0.0,0.2153846153846154,3230.769230769231,8746.461538461539,2.6923076923076925,0.046153846153846156,0.2,0.0,0.1076923076923077,0.046153846153846156,0.06153846153846154,0.015384615384615385,0.4153846153846154,0.0,0.07692307692307693,0.0,0.0,0.046153846153846156,0.0,0.0,0.06153846153846154,0.0,0.24615384615384617,0.03076923076923077,0.0,0.0,0.0
33330.0,0.0,0.8260869565217391,0.21739130434782608,0.6956521739130435,0.08695652173913043,0.043478260869565216,0.0,0.0,0.043478260869565216,0.391304347826087,0.0,7782.608695652174,2.739130434782609,0.08695652173913043,0.2608695652173913,0.0,0.08695652173913043,0.043478260869565216,0.21739130434782608,0.0,0.34782608695652173,0.0,0.08695652173913043,0.0,0.043478260869565216,0.0,0.0,0.0,0.043478260869565216,0.0,0.17391304347826086,0.08695652173913043,0.043478260869565216,0.043478260869565216,0.0
33340.0,0.0,0.7619047619047619,0.0,0.5238095238095238,0.0,0.047619047619047616,0.0,0.047619047619047616,0.0,0.5714285714285714,0.0,3666.6666666666665,2.1904761904761907,0.23809523809523808,0.09523809523809523,0.0,0.14285714285714285,0.19047619047619047,0.23809523809523808,0.0,0.38095238095238093,0.0,0.14285714285714285,0.0,0.047619047619047616,0.0,0.0,0.0,0.047619047619047616,0.047619047619047616,0.23809523809523808,0.0,0.0,0.047619047619047616,0.0
33350.0,0.0,0.8,0.16,0.84,0.04,0.0,0.0,0.0,0.0,0.28,0.0,4020.4,2.44,0.16,0.04,0.0,0.2,0.2,0.04,0.08,0.16,0.0,0.04,0.0,0.0,0.0,0.0,0.0,0.04,0.0,0.28,0.08,0.04,0.0,0.0
33360.0,0.017543859649122806,0.9122807017543859,0.0,0.5789473684210527,0.0,0.0,0.0,0.017543859649122806,0.017543859649122806,0.42105263157894735,877.1929824561404,6228.245614035088,2.210526315789474,0.15789473684210525,0.14035087719298245,0.017543859649122806,0.05263157894736842,0.017543859649122806,0.0,0.017543859649122806,0.19298245614035087,0.0,0.07017543859649122,0.0,0.0,0.05263157894736842,0.0,0.017543859649122806,0.017543859649122806,0.03508771929824561,0.22807017543859648,0.0,0.0,0.0,0.0
33370.0,0.0,0.65,0.05,0.45,0.1,0.0,0.0,0.05,0.05,0.45,0.0,9325.5,2.15,0.15,0.1,0.1,0.15,0.05,0.1,0.0,0.2,0.0,0.3,0.0,0.05,0.1,0.0,0.0,0.05,0.05,0.1,0.1,0.0,0.05,0.0
33380.0,0.04522613065326633,0.8693467336683417,0.19095477386934673,0.592964824120603,0.035175879396984924,0.02512562814070352,0.0,0.005025125628140704,0.08040201005025126,0.4472361809045226,3350.753768844221,13334.020100502512,2.7236180904522613,0.06532663316582915,0.12562814070351758,0.03015075376884422,0.10050251256281408,0.03015075376884422,0.03015075376884422,0.005025125628140704,0.23618090452261306,0.0,0.09547738693467336,0.010050251256281407,0.04522613065326633,0.07035175879396985,0.005025125628140704,0.005025125628140704,0.04020100502512563,0.05527638190954774,0.271356783919598,0.01507537688442211,0.005025125628140704,0.04020100502512563,0.0
33390.0,0.0,1.0,0.0,0.0,0.5,0.0,0.0,0.0,0.0,0.0,0.0,11000.0,2.0,0.0,0.0,0.0,0.0,0.0,0.5,0.5,0.0,0.0,0.0,0.0,0.0,0.0,0.0,0.0,0.0,0.0,0.5,0.0,0.0,0.0,0.0
34010.0,0.013888888888888888,0.5416666666666666,0.3194444444444444,0.3194444444444444,0.041666666666666664,0.013888888888888888,0.0,0.013888888888888888,0.027777777777777776,0.25,2083.3333333333335,9597.222222222223,2.2222222222222223,0.08333333333333333,0.06944444444444445,0.013888888888888888,0.09722222222222222,0.125,0.05555555555555555,0.013888888888888888,0.2638888888888889,0.0,0.041666666666666664,0.013888888888888888,0.0,0.05555555555555555,0.027777777777777776,0.0,0.06944444444444445,0.05555555555555555,0.1527777777777778,0.05555555555555555,0.027777777777777776,0.013888888888888888,0.0
34020.0,0.020134228187919462,0.8523489932885906,0.2751677852348993,0.4161073825503356,0.04697986577181208,0.026845637583892617,0.0,0.013422818791946308,0.0,0.15436241610738255,3731.6778523489934,4618.255033557047,2.4093959731543624,0.04697986577181208,0.2214765100671141,0.006711409395973154,0.06040268456375839,0.06040268456375839,0.06040268456375839,0.006711409395973154,0.3825503355704698,0.0,0.006711409395973154,0.006711409395973154,0.020134228187919462,0.03355704697986577,0.006711409395973154,0.0,0.12080536912751678,0.026845637583892617,0.0738255033557047,0.026845637583892617,0.006711409395973154,0.013422818791946308,0.0
34030.0,0.0035460992907801418,0.9184397163120568,0.04964539007092199,0.6063829787234043,0.0851063829787234,0.0035460992907801418,0.0,0.01773049645390071,0.0673758865248227,0.44680851063829785,709.2553191489362,12040.95744680851,2.6773049645390072,0.18085106382978725,0.1950354609929078,0.014184397163120567,0.0851063829787234,0.06028368794326241,0.09574468085106383,0.014184397163120567,0.3546099290780142,0.0,0.08865248226950355,0.0,0.0,0.04964539007092199,0.010638297872340425,0.0,0.10638297872340426,0.0,0.1702127659574468,0.014184397163120567,0.0070921985815602835,0.0070921985815602835,0.0
34040.0,0.03260869565217391,0.5543478260869565,0.15217391304347827,0.5108695652173914,0.021739130434782608,0.0,0.010869565217391304,0.021739130434782608,0.043478260869565216,0.25,2989.1304347826085,13413.04347826087,2.358695652173913,0.05434782608695652,0.16304347826086957,0.0,0.10869565217391304,0.07608695652173914,0.06521739130434782,0.010869565217391304,0.30434782608695654,0.0,0.07608695652173914,0.010869565217391304,0.010869565217391304,0.06521739130434782,0.021739130434782608,0.0,0.06521739130434782,0.0,0.11956521739130435,0.03260869565217391,0.010869565217391304,0.021739130434782608,0.0
34050.0,0.0,0.7692307692307693,0.26153846153846155,0.4461538461538462,0.03076923076923077,0.015384615384615385,0.0,0.015384615384615385,0.03076923076923077,0.4461538461538462,0.0,3630.4615384615386,2.6307692307692307,0.06153846153846154,0.12307692307692308,0.015384615384615385,0.1076923076923077,0.03076923076923077,0.09230769230769231,0.015384615384615385,0.4,0.0,0.06153846153846154,0.0,0.0,0.07692307692307693,0.0,0.0,0.046153846153846156,0.015384615384615385,0.09230769230769231,0.07692307692307693,0.03076923076923077,0.015384615384615385,0.015384615384615385
34060.0,0.03333333333333333,0.7666666666666667,0.1,0.6,0.03333333333333333,0.03333333333333333,0.0,0.0,0.0,0.23333333333333334,3600.0,7933.333333333333,2.6,0.13333333333333333,0.13333333333333333,0.03333333333333333,0.13333333333333333,0.06666666666666667,0.06666666666666667,0.0,0.2,0.0,0.0,0.0,0.0,0.0,0.0,0.0,0.06666666666666667,0.03333333333333333,0.1,0.06666666666666667,0.0,0.03333333333333333,0.0
34070.0,0.125,0.875,0.125,0.625,0.125,0.125,0.0,0.125,0.0,0.875,8750.0,8500.0,3.0,0.125,0.125,0.0,0.25,0.0,0.125,0.0,0.25,0.0,0.125,0.0,0.0,0.125,0.0,0.0,0.125,0.0,0.0,0.25,0.125,0.0,0.0
34080.0,0.011235955056179775,0.8426966292134831,0.0,0.6067415730337079,0.011235955056179775,0.011235955056179775,0.011235955056179775,0.0449438202247191,0.033707865168539325,0.33707865168539325,134.8314606741573,3247.191011235955,2.4157303370786516,0.056179775280898875,0.1348314606741573,0.0,0.07865168539325842,0.056179775280898875,0.11235955056179775,0.0,0.3258426966292135,0.0,0.14606741573033707,0.0,0.0,0.12359550561797752,0.011235955056179775,0.0,0.02247191011235955,0.0,0.056179775280898875,0.033707865168539325,0.033707865168539325,0.011235955056179775,0.0
34310.0,0.0,0.8656716417910447,0.08955223880597014,0.582089552238806,0.029850746268656716,0.0,0.014925373134328358,0.029850746268656716,0.0,0.05970149253731343,0.0,4580.44776119403,2.671641791044776,0.029850746268656716,0.14925373134328357,0.0,0.07462686567164178,0.05970149253731343,0.19402985074626866,0.014925373134328358,0.26865671641791045,0.0,0.0,0.0,0.0,0.014925373134328358,0.0,0.0,0.08955223880597014,0.0,0.11940298507462686,0.05970149253731343,0.0,0.0,0.0
34330.0,0.011764705882352941,0.8823529411764706,0.43529411764705883,0.611764705882353,0.07058823529411765,0.023529411764705882,0.0,0.0,0.058823529411764705,0.25882352941176473,1764.7058823529412,6106.0,2.8823529411764706,0.09411764705882353,0.17647058823529413,0.0,0.023529411764705882,0.08235294117647059,0.023529411764705882,0.023529411764705882,0.3058823529411765,0.0,0.03529411764705882,0.0,0.0,0.0,0.011764705882352941,0.0,0.08235294117647059,0.0,0.15294117647058825,0.03529411764705882,0.011764705882352941,0.0,0.0
34340.0,0.025210084033613446,0.7142857142857143,0.058823529411764705,0.5966386554621849,0.05042016806722689,0.01680672268907563,0.0,0.008403361344537815,0.01680672268907563,0.20168067226890757,1176.4705882352941,9613.44537815126,2.563025210084034,0.03361344537815126,0.14285714285714285,0.008403361344537815,0.04201680672268908,0.03361344537815126,0.13445378151260504,0.01680672268907563,0.20168067226890757,0.0,0.08403361344537816,0.0,0.0,0.025210084033613446,0.03361344537815126,0.008403361344537815,0.09243697478991597,0.0,0.15126050420168066,0.10084033613445378,0.01680672268907563,0.0,0.0
34350.0,0.0,0.7857142857142857,0.0,0.42857142857142855,0.07142857142857142,0.0,0.0,0.0,0.07142857142857142,0.2857142857142857,0.0,14000.0,2.5,0.07142857142857142,0.21428571428571427,0.07142857142857142,0.07142857142857142,0.07142857142857142,0.07142857142857142,0.0,0.21428571428571427,0.0,0.07142857142857142,0.0,0.0,0.07142857142857142,0.0,0.0,0.0,0.0,0.07142857142857142,0.0,0.0,0.0,0.0
34360.0,0.0,0.8,0.12,0.44,0.04,0.08,0.04,0.0,0.04,0.44,0.0,6280.4,2.56,0.04,0.28,0.0,0.0,0.04,0.04,0.0,0.36,0.0,0.28,0.0,0.0,0.08,0.04,0.0,0.08,0.0,0.08,0.08,0.0,0.0,0.0
34370.0,0.03,0.81,0.18,0.57,0.03,0.02,0.0,0.04,0.07,0.31,3220.0,12810.0,2.56,0.09,0.17,0.0,0.07,0.04,0.05,0.01,0.28,0.0,0.11,0.0,0.01,0.05,0.0,0.0,0.09,0.02,0.06,0.06,0.01,0.0,0.0
34380.0,0.03333333333333333,0.8666666666666667,0.02857142857142857,0.6761904761904762,0.18095238095238095,0.03333333333333333,0.0,0.02857142857142857,0.08571428571428572,0.6761904761904762,2904.7619047619046,13190.47619047619,2.6809523809523808,0.14285714285714285,0.2,0.004761904761904762,0.1,0.0761904761904762,0.01904761904761905,0.004761904761904762,0.24285714285714285,0.0,0.12857142857142856,0.004761904761904762,0.004761904761904762,0.10476190476190476,0.02857142857142857,0.0,0.05238095238095238,0.023809523809523808,0.0761904761904762,0.047619047619047616,0.01904761904761905,0.009523809523809525,0.0
35010.0,0.00949367088607595,0.6930379746835443,0.22468354430379747,0.5791139240506329,0.056962025316455694,0.13924050632911392,0.0,0.012658227848101266,0.012658227848101266,0.43037974683544306,443.0379746835443,9971.645569620254,2.8734177215189876,0.0949367088607595,0.16455696202531644,0.015822784810126583,0.08227848101265822,0.04746835443037975,0.09177215189873418,0.012658227848101266,0.22151898734177214,0.0,0.09177215189873418,0.06329113924050633,0.00949367088607595,0.04746835443037975,0.03481012658227848,0.02531645569620253,0.05379746835443038,0.022151898734177215,0.08544303797468354,0.09177215189873418,0.06962025316455696,0.012658227848101266,0.0031645569620253164
35020.0,0.006578947368421052,0.7828947368421053,0.14473684210526316,0.5526315789473685,0.03289473684210526,0.08552631578947369,0.0,0.03289473684210526,0.019736842105263157,0.40789473684210525,2105.3289473684213,6128.421052631579,2.6973684210526314,0.09210526315789473,0.17763157894736842,0.0,0.08552631578947369,0.06578947368421052,0.10526315789473684,0.013157894736842105,0.23684210526315788,0.0,0.03289473684210526,0.006578947368421052,0.006578947368421052,0.03289473684210526,0.07894736842105263,0.013157894736842105,0.039473684210526314,0.0,0.06578947368421052,0.23684210526315788,0.07236842105263158,0.013157894736842105,0.0
35030.0,0.0,0.46153846153846156,0.1282051282051282,0.41025641025641024,0.15384615384615385,0.07692307692307693,0.0,0.0,0.0,0.2564102564102564,0.0,10768.71794871795,2.076923076923077,0.07692307692307693,0.1282051282051282,0.02564102564102564,0.0,0.05128205128205128,0.23076923076923078,0.0,0.20512820512820512,0.0,0.02564102564102564,0.0,0.0,0.0,0.1794871794871795,0.0,0.0,0.0,0.02564102564102564,0.5641025641025641,0.10256410256410256,0.02564102564102564,0.02564102564102564
35040.0,0.045112781954887216,0.849624060150376,0.07518796992481203,0.556390977443609,0.12781954887218044,0.045112781954887216,0.0,0.007518796992481203,0.007518796992481203,0.20300751879699247,1954.8872180451128,4729.398496240601,2.3909774436090228,0.015037593984962405,0.19548872180451127,0.0,0.022556390977443608,0.06015037593984962,0.12781954887218044,0.0,0.3157894736842105,0.0,0.045112781954887216,0.0,0.0,0.03759398496240601,0.18796992481203006,0.0,0.0,0.0,0.015037593984962405,0.3308270676691729,0.20300751879699247,0.007518796992481203,0.0
35050.0,0.0,0.8135593220338984,0.1694915254237288,0.5254237288135594,0.11864406779661017,0.0,0.0,0.0,0.05084745762711865,0.4406779661016949,0.0,7042.033898305085,2.610169491525424,0.0847457627118644,0.2542372881355932,0.01694915254237288,0.1016949152542373,0.01694915254237288,0.06779661016949153,0.05084745762711865,0.1864406779661017,0.0,0.01694915254237288,0.0,0.05084745762711865,0.03389830508474576,0.1694915254237288,0.0,0.03389830508474576,0.01694915254237288,0.05084745762711865,0.4067796610169492,0.0847457627118644,0.01694915254237288,0.0
35060.0,0.0,0.8095238095238095,0.09523809523809523,0.7619047619047619,0.0,0.0,0.0,0.0,0.0,0.23809523809523808,0.0,3190.4761904761904,2.380952380952381,0.0,0.09523809523809523,0.0,0.14285714285714285,0.047619047619047616,0.19047619047619047,0.0,0.2857142857142857,0.0,0.0,0.0,0.0,0.0,0.19047619047619047,0.0,0.0,0.0,0.0,0.6666666666666666,0.09523809523809523,0.0,0.0
35310.0,0.0,0.6744186046511628,0.023255813953488372,0.46511627906976744,0.023255813953488372,0.0,0.0,0.023255813953488372,0.0,0.09302325581395349,0.0,7396.279069767442,1.8837209302325582,0.046511627906976744,0.16279069767441862,0.0,0.0,0.09302325581395349,0.11627906976744186,0.0,0.27906976744186046,0.0,0.0,0.0,0.023255813953488372,0.023255813953488372,0.06976744186046512,0.0,0.023255813953488372,0.0,0.023255813953488372,0.46511627906976744,0.16279069767441862,0.023255813953488372,0.0
35320.0,0.022727272727272728,0.8636363636363636,0.022727272727272728,0.5681818181818182,0.13636363636363635,0.06818181818181818,0.0,0.09090909090909091,0.022727272727272728,0.36363636363636365,795.4545454545455,12454.545454545454,2.3636363636363638,0.09090909090909091,0.09090909090909091,0.022727272727272728,0.06818181818181818,0.045454545454545456,0.11363636363636363,0.0,0.25,0.0,0.0,0.022727272727272728,0.0,0.022727272727272728,0.1590909090909091,0.0,0.022727272727272728,0.0,0.06818181818181818,0.5454545454545454,0.0,0.0,0.022727272727272728
35330.0,0.03508771929824561,0.8947368421052632,0.12280701754385964,0.6491228070175439,0.11403508771929824,0.02631578947368421,0.0,0.008771929824561403,0.05263157894736842,0.4473684210526316,3894.8245614035086,13837.719298245614,2.5526315789473686,0.12280701754385964,0.22807017543859648,0.0,0.13157894736842105,0.03508771929824561,0.017543859649122806,0.008771929824561403,0.23684210526315788,0.0,0.06140350877192982,0.008771929824561403,0.02631578947368421,0.05263157894736842,0.08771929824561403,0.008771929824561403,0.02631578947368421,0.0,0.09649122807017543,0.21052631578947367,0.03508771929824561,0.017543859649122806,0.0
35340.0,0.0,0.5806451612903226,0.0967741935483871,0.5161290322580645,0.0967741935483871,0.0,0.0,0.0,0.0,0.3225806451612903,0.0,6741.935483870968,2.2580645161290325,0.0967741935483871,0.12903225806451613,0.0,0.06451612903225806,0.06451612903225806,0.1935483870967742,0.03225806451612903,0.25806451612903225,0.0,0.0,0.0,0.0,0.0,0.22580645161290322,0.0,0.0,0.0,0.0,0.6129032258064516,0.0967741935483871,0.06451612903225806,0.0
35350.0,0.0,0.4666666666666667,0.06666666666666667,0.5111111111111111,0.06666666666666667,0.0,0.0,0.0,0.0,0.1111111111111111,0.0,7822.444444444444,2.088888888888889,0.06666666666666667,0.06666666666666667,0.0,0.06666666666666667,0.06666666666666667,0.3333333333333333,0.022222222222222223,0.15555555555555556,0.0,0.0,0.022222222222222223,0.0,0.0,0.2,0.0,0.022222222222222223,0.0,0.044444444444444446,0.5111111111111111,0.1111111111111111,0.0,0.0
35360.0,0.0,0.7368421052631579,0.03508771929824561,0.5789473684210527,0.07017543859649122,0.0,0.0,0.0,0.0,0.22807017543859648,0.0,6736.8421052631575,2.1403508771929824,0.12280701754385964,0.19298245614035087,0.017543859649122806,0.03508771929824561,0.07017543859649122,0.21052631578947367,0.0,0.21052631578947367,0.0,0.017543859649122806,0.0,0.0,0.05263157894736842,0.2982456140350877,0.0,0.0,0.0,0.0,0.43859649122807015,0.14035087719298245,0.0,0.0
35370.0,0.0196078431372549,0.7843137254901961,0.10784313725490197,0.6372549019607843,0.12745098039215685,0.049019607843137254,0.0,0.0392156862745098,0.0196078431372549,0.2647058823529412,2421.5686274509803,4431.3725490196075,2.5980392156862746,0.0784313725490196,0.08823529411764706,0.00980392156862745,0.19607843137254902,0.06862745098039216,0.029411764705882353,0.0,0.24509803921568626,0.0,0.0392156862745098,0.0,0.0,0.00980392156862745,0.23529411764705882,0.00980392156862745,0.0196078431372549,0.00980392156862745,0.00980392156862745,0.29411764705882354,0.24509803921568626,0.0,0.00980392156862745
35380.0,0.02112676056338028,0.8732394366197183,0.06338028169014084,0.6549295774647887,0.11971830985915492,0.056338028169014086,0.007042253521126761,0.014084507042253521,0.07746478873239436,0.49295774647887325,1690.1408450704225,9176.05633802817,2.676056338028169,0.07746478873239436,0.15492957746478872,0.0,0.04225352112676056,0.07042253521126761,0.09154929577464789,0.0,0.2746478873239437,0.0,0.056338028169014086,0.0,0.014084507042253521,0.014084507042253521,0.19718309859154928,0.0,0.014084507042253521,0.014084507042253521,0.035211267605633804,0.39436619718309857,0.13380281690140844,0.0,0.0
36010.0,0.01680672268907563,0.6722689075630253,0.09243697478991597,0.46218487394957986,0.058823529411764705,0.05042016806722689,0.025210084033613446,0.01680672268907563,0.025210084033613446,0.44537815126050423,4025.2100840336134,11562.773109243697,2.3949579831932772,0.15126050420168066,0.17647058823529413,0.0,0.1092436974789916,0.05042016806722689,0.15126050420168066,0.025210084033613446,0.18487394957983194,0.0,0.04201680672268908,0.01680672268907563,0.008403361344537815,0.01680672268907563,0.25210084033613445,0.0,0.0,0.01680672268907563,0.008403361344537815,0.15126050420168066,0.36134453781512604,0.0,0.008403361344537815
36020.0,0.02891566265060241,0.8216867469879519,0.07951807228915662,0.6048192771084338,0.0891566265060241,0.12048192771084337,0.0,0.012048192771084338,0.09156626506024096,0.672289156626506,4840.963855421687,15147.132530120482,2.8216867469879516,0.10120481927710843,0.23132530120481928,0.007228915662650603,0.09397590361445783,0.04819277108433735,0.10361445783132531,0.007228915662650603,0.20481927710843373,0.0024096385542168677,0.07228915662650602,0.06987951807228916,0.03132530120481928,0.03614457831325301,0.1614457831325301,0.02891566265060241,0.014457831325301205,0.00963855421686747,0.02650602409638554,0.13493975903614458,0.19759036144578312,0.033734939759036145,0.012048192771084338
36030.0,0.041025641025641026,0.7692307692307693,0.09743589743589744,0.48205128205128206,0.09230769230769231,0.03076923076923077,0.015384615384615385,0.0,0.020512820512820513,0.3641025641025641,6974.358974358975,12661.28205128205,2.4564102564102566,0.09743589743589744,0.18461538461538463,0.0,0.09230769230769231,0.046153846153846156,0.14358974358974358,0.020512820512820513,0.19487179487179487,0.0,0.03076923076923077,0.05641025641025641,0.010256410256410256,0.02564102564102564,0.20512820512820512,0.03076923076923077,0.020512820512820513,0.0,0.035897435897435895,0.13846153846153847,0.3128205128205128,0.010256410256410256,0.005128205128205128
36040.0,0.0,0.5384615384615384,0.07692307692307693,0.5769230769230769,0.0,0.19230769230769232,0.0,0.0,0.0,0.46153846153846156,0.0,7615.384615384615,2.423076923076923,0.0,0.11538461538461539,0.0,0.11538461538461539,0.15384615384615385,0.15384615384615385,0.0,0.19230769230769232,0.0,0.0,0.0,0.0,0.038461538461538464,0.4230769230769231,0.0,0.0,0.0,0.0,0.11538461538461539,0.34615384615384615,0.0,0.0
36060.0,0.024390243902439025,0.8780487804878049,0.12195121951219512,0.36585365853658536,0.17073170731707318,0.024390243902439025,0.0,0.0,0.07317073170731707,0.4878048780487805,951.219512195122,8585.365853658537,2.4390243902439024,0.12195121951219512,0.1951219512195122,0.0,0.0975609756097561,0.17073170731707318,0.07317073170731707,0.024390243902439025,0.2926829268292683,0.0,0.04878048780487805,0.0,0.0,0.07317073170731707,0.024390243902439025,0.07317073170731707,0.0,0.0,0.0,0.0,0.4878048780487805,0.024390243902439025,0.0
36310.0,0.006535947712418301,0.7712418300653595,0.05228758169934641,0.5490196078431373,0.13071895424836602,0.08496732026143791,0.0,0.0,0.0392156862745098,0.27450980392156865,457.51633986928107,6823.660130718954,2.6666666666666665,0.0718954248366013,0.11764705882352941,0.006535947712418301,0.1111111111111111,0.058823529411764705,0.11764705882352941,0.0,0.1895424836601307,0.0,0.026143790849673203,0.0,0.013071895424836602,0.05228758169934641,0.4117647058823529,0.006535947712418301,0.0,0.0,0.026143790849673203,0.20915032679738563,0.13071895424836602,0.0,0.0
36320.0,0.0,0.8507462686567164,0.014925373134328358,0.5970149253731343,0.2835820895522388,0.1791044776119403,0.0,0.0,0.029850746268656716,0.31343283582089554,0.0,9477.164179104477,2.91044776119403,0.1044776119402985,0.14925373134328357,0.014925373134328358,0.11940298507462686,0.05970149253731343,0.11940298507462686,0.0,0.1044776119402985,0.0,0.0,0.0,0.014925373134328358,0.0,0.417910447761194,0.014925373134328358,0.014925373134328358,0.0,0.0,0.23880597014925373,0.22388059701492538,0.0,0.0
36330.0,0.011363636363636364,0.8295454545454546,0.14772727272727273,0.6477272727272727,0.14772727272727273,0.06818181818181818,0.011363636363636364,0.045454545454545456,0.045454545454545456,0.4659090909090909,431.8181818181818,5551.363636363636,2.784090909090909,0.1590909090909091,0.125,0.011363636363636364,0.07954545454545454,0.056818181818181816,0.07954545454545454,0.0,0.19318181818181818,0.0,0.06818181818181818,0.056818181818181816,0.0,0.022727272727272728,0.19318181818181818,0.0,0.011363636363636364,0.0,0.011363636363636364,0.11363636363636363,0.26136363636363635,0.011363636363636364,0.0
36350.0,0.0,0.9130434782608695,0.021739130434782608,0.6521739130434783,0.10869565217391304,0.043478260869565216,0.0,0.0,0.0,0.5,0.0,7108.478260869565,2.8260869565217392,0.043478260869565216,0.13043478260869565,0.0,0.06521739130434782,0.043478260869565216,0.13043478260869565,0.0,0.2826086956521739,0.0,0.0,0.0,0.0,0.0,0.2391304347826087,0.021739130434782608,0.0,0.0,0.0,0.13043478260869565,0.5434782608695652,0.0,0.0
36360.0,0.018691588785046728,0.7850467289719626,0.018691588785046728,0.5233644859813084,0.09345794392523364,0.018691588785046728,0.009345794392523364,0.018691588785046728,0.028037383177570093,0.3177570093457944,607.4766355140187,7897.570093457944,2.2710280373831777,0.102803738317757,0.102803738317757,0.009345794392523364,0.12149532710280374,0.056074766355140186,0.14953271028037382,0.018691588785046728,0.16822429906542055,0.0,0.028037383177570093,0.028037383177570093,0.0,0.0,0.37383177570093457,0.018691588785046728,0.009345794392523364,0.0,0.0,0.17757009345794392,0.24299065420560748,0.018691588785046728,0.0
36370.0,0.02127659574468085,0.723404255319149,0.0425531914893617,0.5531914893617021,0.1276595744680851,0.10638297872340426,0.0,0.0,0.02127659574468085,0.2127659574468085,1276.595744680851,4595.95744680851,2.4893617021276597,0.0425531914893617,0.1702127659574468,0.0,0.10638297872340426,0.14893617021276595,0.2553191489361702,0.0,0.2553191489361702,0.0,0.02127659574468085,0.0,0.0,0.0,0.6595744680851063,0.02127659574468085,0.0,0.0,0.0,0.10638297872340426,0.19148936170212766,0.0,0.0
36380.0,0.0,0.8780487804878049,0.0,0.6097560975609756,0.17073170731707318,0.024390243902439025,0.0,0.024390243902439025,0.024390243902439025,0.5609756097560976,0.0,9780.731707317073,2.658536585365854,0.12195121951219512,0.0975609756097561,0.04878048780487805,0.0975609756097561,0.024390243902439025,0.07317073170731707,0.024390243902439025,0.3170731707317073,0.0,0.024390243902439025,0.024390243902439025,0.0,0.0,0.2926829268292683,0.024390243902439025,0.0,0.0,0.0,0.17073170731707318,0.3902439024390244,0.0,0.0
36390.0,0.04,0.92,0.0,0.48,0.04,0.04,0.04,0.0,0.04,0.4,10000.0,5400.0,2.52,0.08,0.12,0.0,0.04,0.04,0.08,0.04,0.2,0.0,0.08,0.04,0.0,0.0,0.36,0.08,0.0,0.0,0.0,0.08,0.28,0.0,0.0
36400.0,0.0,0.8125,0.20833333333333334,0.5416666666666666,0.08333333333333333,0.020833333333333332,0.0,0.0,0.041666666666666664,0.7083333333333334,0.0,9666.875,2.75,0.20833333333333334,0.375,0.0,0.0625,0.041666666666666664,0.08333333333333333,0.0625,0.25,0.0,0.0,0.10416666666666667,0.020833333333333332,0.0,0.2916666666666667,0.041666666666666664,0.0,0.041666666666666664,0.020833333333333332,0.08333333333333333,0.16666666666666666,0.020833333333333332,0.0
36410.0,0.0,0.7307692307692307,0.0,0.5769230769230769,0.19230769230769232,0.0,0.0,0.07692307692307693,0.0,0.23076923076923078,0.0,10423.461538461539,2.4615384615384617,0.11538461538461539,0.11538461538461539,0.038461538461538464,0.19230769230769232,0.0,0.15384615384615385,0.0,0.34615384615384615,0.0,0.0,0.0,0.0,0.0,0.34615384615384615,0.0,0.0,0.0,0.0,0.0,0.5769230769230769,0.038461538461538464,0.0
36420.0,0.0,0.5,0.057692307692307696,0.5192307692307693,0.09615384615384616,0.0,0.019230769230769232,0.0,0.038461538461538464,0.28846153846153844,0.0,3038.4615384615386,2.0576923076923075,0.15384615384615385,0.07692307692307693,0.0,0.038461538461538464,0.019230769230769232,0.21153846153846154,0.0,0.19230769230769232,0.0,0.038461538461538464,0.019230769230769232,0.0,0.038461538461538464,0.2692307692307692,0.019230769230769232,0.0,0.0,0.019230769230769232,0.1346153846153846,0.38461538461538464,0.0,0.0
36430.0,0.0,0.8928571428571429,0.07142857142857142,0.5714285714285714,0.25,0.03571428571428571,0.0,0.0,0.03571428571428571,0.21428571428571427,0.0,14428.57142857143,3.0,0.03571428571428571,0.10714285714285714,0.0,0.10714285714285714,0.10714285714285714,0.07142857142857142,0.0,0.2857142857142857,0.0,0.0,0.0,0.03571428571428571,0.0,0.42857142857142855,0.0,0.0,0.0,0.0,0.03571428571428571,0.32142857142857145,0.0,0.0
36440.0,0.0,0.6808510638297872,0.06382978723404255,0.5957446808510638,0.0425531914893617,0.02127659574468085,0.0,0.02127659574468085,0.02127659574468085,0.2553191489361702,0.0,1361.7021276595744,2.3617021276595747,0.0425531914893617,0.06382978723404255,0.0,0.10638297872340426,0.0425531914893617,0.10638297872340426,0.0,0.23404255319148937,0.0,0.02127659574468085,0.0,0.0,0.0,0.5106382978723404,0.02127659574468085,0.0,0.0,0.0,0.19148936170212766,0.19148936170212766,0.02127659574468085,0.0
36450.0,0.0,0.7105263157894737,0.02631578947368421,0.6052631578947368,0.21052631578947367,0.15789473684210525,0.02631578947368421,0.0,0.0,0.2631578947368421,0.0,2078.9473684210525,2.5,0.07894736842105263,0.07894736842105263,0.0,0.05263157894736842,0.05263157894736842,0.15789473684210525,0.0,0.21052631578947367,0.0,0.02631578947368421,0.02631578947368421,0.0,0.0,0.47368421052631576,0.0,0.05263157894736842,0.0,0.0,0.13157894736842105,0.18421052631578946,0.0,0.0
36460.0,0.11764705882352941,0.8970588235294118,0.07352941176470588,0.5441176470588235,0.1323529411764706,0.04411764705882353,0.0,0.014705882352941176,0.014705882352941176,0.7058823529411765,32941.17647058824,6345.441176470588,2.6029411764705883,0.14705882352941177,0.16176470588235295,0.0,0.07352941176470588,0.04411764705882353,0.11764705882352941,0.0,0.27941176470588236,0.0,0.029411764705882353,0.0,0.0,0.1323529411764706,0.25,0.014705882352941176,0.0,0.0,0.0,0.11764705882352941,0.38235294117647056,0.0,0.014705882352941176
36470.0,0.0,0.9259259259259259,0.1111111111111111,0.5185185185185185,0.18518518518518517,0.037037037037037035,0.0,0.037037037037037035,0.2962962962962963,0.6296296296296297,0.0,13518.888888888889,2.7777777777777777,0.1111111111111111,0.1111111111111111,0.0,0.037037037037037035,0.07407407407407407,0.07407407407407407,0.037037037037037035,0.18518518518518517,0.0,0.037037037037037035,0.037037037037037035,0.037037037037037035,0.0,0.4074074074074074,0.0,0.0,0.0,0.0,0.037037037037037035,0.2962962962962963,0.037037037037037035,0.0
36480.0,0.045871559633027525,0.7064220183486238,0.0,0.5137614678899083,0.09174311926605505,0.027522935779816515,0.009174311926605505,0.027522935779816515,0.03669724770642202,0.3119266055045872,14385.321100917432,6770.45871559633,2.293577981651376,0.11926605504587157,0.1651376146788991,0.0,0.03669724770642202,0.09174311926605505,0.1651376146788991,0.009174311926605505,0.1743119266055046,0.0,0.03669724770642202,0.009174311926605505,0.009174311926605505,0.027522935779816515,0.3211009174311927,0.0,0.009174311926605505,0.0,0.009174311926605505,0.1743119266055046,0.3302752293577982,0.009174311926605505,0.0
37010.0,0.007168458781362007,0.8172043010752689,0.06093189964157706,0.5913978494623656,0.03942652329749104,0.021505376344086023,0.010752688172043012,0.010752688172043012,0.0,0.3655913978494624,716.8458781362007,3032.0788530465948,2.4516129032258065,0.13261648745519714,0.16845878136200718,0.0,0.14336917562724014,0.043010752688172046,0.14336917562724014,0.007168458781362007,0.4946236559139785,0.0,0.035842293906810034,0.07885304659498207,0.3154121863799283,0.021505376344086023,0.007168458781362007,0.0931899641577061,0.007168458781362007,0.010752688172043012,0.021505376344086023,0.0035842293906810036,0.0035842293906810036,0.3154121863799283,0.0035842293906810036
37020.0,0.030685920577617327,0.776173285198556,0.44765342960288806,0.6046931407942239,0.016245487364620937,0.02527075812274368,0.0018050541516245488,0.0036101083032490976,0.0776173285198556,0.4657039711191336,4725.649819494585,14314.927797833934,2.7454873646209386,0.09025270758122744,0.26895306859205775,0.010830324909747292,0.09025270758122744,0.05415162454873646,0.05595667870036101,0.01263537906137184,0.35379061371841153,0.0,0.023465703971119134,0.18050541516245489,0.2003610108303249,0.02888086642599278,0.0036101083032490976,0.18231046931407943,0.0,0.018050541516245487,0.019855595667870037,0.010830324909747292,0.009025270758122744,0.16787003610108303,0.0018050541516245488
37030.0,0.046511627906976744,0.6976744186046512,0.32558139534883723,0.6046511627906976,0.023255813953488372,0.0,0.0,0.0,0.023255813953488372,0.11627906976744186,6279.069767441861,6965.3488372093025,2.558139534883721,0.06976744186046512,0.18604651162790697,0.0,0.20930232558139536,0.13953488372093023,0.20930232558139536,0.0,0.5348837209302325,0.0,0.023255813953488372,0.06976744186046512,0.4883720930232558,0.046511627906976744,0.0,0.0,0.0,0.0,0.023255813953488372,0.0,0.0,0.27906976744186046,0.0
37040.0,0.011627906976744186,0.6627906976744186,0.3953488372093023,0.5581395348837209,0.0,0.011627906976744186,0.011627906976744186,0.011627906976744186,0.011627906976744186,0.29069767441860467,1744.1860465116279,7499.767441860465,2.4651162790697674,0.06976744186046512,0.19767441860465115,0.0,0.08139534883720931,0.03488372093023256,0.11627906976744186,0.011627906976744186,0.4069767441860465,0.0,0.03488372093023256,0.046511627906976744,0.3023255813953488,0.023255813953488372,0.023255813953488372,0.09302325581395349,0.011627906976744186,0.011627906976744186,0.011627906976744186,0.011627906976744186,0.0,0.36046511627906974,0.0
37050.0,0.0,0.7872340425531915,0.06382978723404255,0.5319148936170213,0.02127659574468085,0.0,0.0,0.02127659574468085,0.0,0.23404255319148937,0.0,5978.723404255319,2.0638297872340425,0.02127659574468085,0.2127659574468085,0.02127659574468085,0.0425531914893617,0.10638297872340426,0.06382978723404255,0.0,0.3617021276595745,0.0,0.0425531914893617,0.06382978723404255,0.2978723404255319,0.0,0.0,0.0425531914893617,0.0,0.0,0.0,0.0,0.0,0.44680851063829785,0.0
37060.0,0.058823529411764705,0.7058823529411765,0.5588235294117647,0.5882352941176471,0.0,0.0,0.058823529411764705,0.0,0.029411764705882353,0.17647058823529413,8529.411764705883,7323.529411764706,2.6470588235294117,0.029411764705882353,0.23529411764705882,0.0,0.14705882352941177,0.058823529411764705,0.029411764705882353,0.0,0.5,0.0,0.029411764705882353,0.08823529411764706,0.35294117647058826,0.0,0.0,0.029411764705882353,0.0,0.058823529411764705,0.058823529411764705,0.0,0.0,0.3235294117647059,0.0
37070.0,0.03333333333333333,0.7,0.13333333333333333,0.6333333333333333,0.0,0.03333333333333333,0.0,0.06666666666666667,0.0,0.3333333333333333,10000.0,4500.0,2.1,0.16666666666666666,0.16666666666666666,0.0,0.1,0.0,0.1,0.0,0.26666666666666666,0.0,0.0,0.03333333333333333,0.4,0.0,0.0,0.13333333333333333,0.0,0.0,0.0,0.0,0.0,0.3,0.0
37080.0,0.0,0.8421052631578947,0.15789473684210525,0.3684210526315789,0.05263157894736842,0.0,0.0,0.0,0.0,0.42105263157894735,0.0,10736.842105263158,2.1578947368421053,0.05263157894736842,0.15789473684210525,0.0,0.05263157894736842,0.10526315789473684,0.10526315789473684,0.0,0.3684210526315789,0.0,0.05263157894736842,0.05263157894736842,0.15789473684210525,0.0,0.0,0.21052631578947367,0.0,0.0,0.15789473684210525,0.05263157894736842,0.10526315789473684,0.15789473684210525,0.0
37090.0,0.015384615384615385,0.8307692307692308,0.2,0.6,0.0,0.0,0.0,0.0,0.0,0.36923076923076925,4615.384615384615,7415.2307692307695,2.4923076923076923,0.07692307692307693,0.23076923076923078,0.015384615384615385,0.1076923076923077,0.12307692307692308,0.07692307692307693,0.0,0.47692307692307695,0.0,0.07692307692307693,0.06153846153846154,0.3076923076923077,0.0,0.0,0.09230769230769231,0.0,0.0,0.015384615384615385,0.0,0.0,0.3076923076923077,0.0
37100.0,0.0,0.5,0.25,0.375,0.0,0.0,0.041666666666666664,0.0,0.0,0.16666666666666666,0.0,5832.916666666667,1.875,0.16666666666666666,0.2916666666666667,0.0,0.25,0.0,0.041666666666666664,0.0,0.5416666666666666,0.0,0.0,0.2916666666666667,0.25,0.041666666666666664,0.0,0.041666666666666664,0.0,0.0,0.041666666666666664,0.0,0.0,0.16666666666666666,0.0
37310.0,0.045454545454545456,0.8636363636363636,0.045454545454545456,0.5454545454545454,0.0,0.0,0.0,0.045454545454545456,0.0,0.18181818181818182,5454.545454545455,6590.909090909091,2.3636363636363638,0.13636363636363635,0.22727272727272727,0.0,0.09090909090909091,0.09090909090909091,0.22727272727272727,0.0,0.45454545454545453,0.0,0.0,0.09090909090909091,0.5909090909090909,0.0,0.0,0.09090909090909091,0.0,0.0,0.045454545454545456,0.0,0.0,0.13636363636363635,0.0
37320.0,0.0,0.6428571428571429,0.2857142857142857,0.42857142857142855,0.35714285714285715,0.0,0.0,0.07142857142857142,0.0,0.0,0.0,1857.142857142857,2.357142857142857,0.07142857142857142,0.0,0.0,0.2857142857142857,0.14285714285714285,0.07142857142857142,0.0,0.5,0.0,0.0,0.0,0.7142857142857143,0.0,0.0,0.0,0.0,0.0,0.0,0.0,0.0,0.2857142857142857,0.0
37330.0,0.02857142857142857,0.8285714285714286,0.05714285714285714,0.37142857142857144,0.05714285714285714,0.0,0.0,0.0,0.0,0.34285714285714286,857.1428571428571,6000.0,2.0285714285714285,0.14285714285714285,0.22857142857142856,0.02857142857142857,0.14285714285714285,0.02857142857142857,0.14285714285714285,0.0,0.42857142857142855,0.0,0.02857142857142857,0.14285714285714285,0.2571428571428571,0.02857142857142857,0.0,0.08571428571428572,0.0,0.02857142857142857,0.0,0.0,0.0,0.3142857142857143,0.0
37340.0,0.0,1.0,0.0,0.0,0.0,0.0,0.0,0.0,0.0,1.0,0.0,2000.0,1.0,0.0,0.0,0.0,0.0,0.0,0.0,0.0,0.0,0.0,0.0,0.0,0.0,0.0,0.0,0.0,0.0,0.0,0.0,0.0,0.0,1.0,0.0
37350.0,0.0,0.768595041322314,0.008264462809917356,0.5206611570247934,0.04132231404958678,0.01652892561983471,0.0,0.04132231404958678,0.008264462809917356,0.34710743801652894,0.0,4371.735537190083,2.4214876033057853,0.12396694214876033,0.1652892561983471,0.008264462809917356,0.09917355371900827,0.04132231404958678,0.18181818181818182,0.0,0.49586776859504134,0.0,0.03305785123966942,0.049586776859504134,0.256198347107438,0.01652892561983471,0.0,0.0743801652892562,0.008264462809917356,0.008264462809917356,0.03305785123966942,0.0,0.01652892561983471,0.4132231404958678,0.0
37360.0,0.028985507246376812,0.7536231884057971,0.13043478260869565,0.4492753623188406,0.10144927536231885,0.0,0.0,0.014492753623188406,0.014492753623188406,0.30434782608695654,4202.898550724638,10869.420289855072,2.391304347826087,0.043478260869565216,0.15942028985507245,0.0,0.15942028985507245,0.10144927536231885,0.08695652173913043,0.0,0.34782608695652173,0.0,0.0,0.10144927536231885,0.4927536231884058,0.014492753623188406,0.0,0.11594202898550725,0.0,0.0,0.0,0.0,0.014492753623188406,0.17391304347826086,0.0
37370.0,0.0,0.5,0.08333333333333333,0.5,0.08333333333333333,0.0,0.0,0.0,0.0,0.16666666666666666,0.0,4915.833333333333,2.0833333333333335,0.0,0.08333333333333333,0.0,0.4166666666666667,0.08333333333333333,0.08333333333333333,0.0,0.4166666666666667,0.0,0.0,0.0,0.75,0.0,0.0,0.0,0.0,0.0,0.0,0.0,0.0,0.25,0.0
37380.0,0.0,0.6923076923076923,0.07692307692307693,0.6153846153846154,0.07692307692307693,0.0,0.0,0.0,0.0,0.23076923076923078,0.0,4076.923076923077,2.4615384615384617,0.23076923076923078,0.0,0.07692307692307693,0.3076923076923077,0.07692307692307693,0.0,0.0,0.23076923076923078,0.0,0.0,0.0,0.6923076923076923,0.0,0.0,0.0,0.0,0.0,0.0,0.0,0.0,0.23076923076923078,0.0
37390.0,0.0,0.5555555555555556,0.1111111111111111,0.7777777777777778,0.0,0.0,0.0,0.0,0.0,0.0,0.0,14444.444444444445,2.111111111111111,0.1111111111111111,0.0,0.0,0.3333333333333333,0.1111111111111111,0.1111111111111111,0.0,0.3333333333333333,0.0,0.0,0.0,0.7777777777777778,0.0,0.0,0.0,0.0,0.0,0.0,0.0,0.0,0.2222222222222222,0.0
37400.0,0.0,1.0,0.16666666666666666,0.5,0.0,0.0,0.0,0.0,0.0,0.3333333333333333,0.0,16665.0,2.6666666666666665,0.0,0.0,0.0,0.0,0.16666666666666666,0.0,0.0,0.16666666666666666,0.0,0.16666666666666666,0.16666666666666666,0.16666666666666666,0.0,0.0,0.16666666666666666,0.0,0.0,0.0,0.0,0.0,0.3333333333333333,0.0
37410.0,0.0,0.9,0.0,0.35,0.05,0.0,0.0,0.0,0.05,0.4,0.0,9650.5,1.8,0.3,0.2,0.0,0.05,0.05,0.0,0.0,0.25,0.0,0.1,0.05,0.15,0.0,0.0,0.0,0.0,0.0,0.0,0.0,0.05,0.6,0.0
37420.0,0.038461538461538464,0.8269230769230769,0.09615384615384616,0.5576923076923077,0.0,0.057692307692307696,0.0,0.038461538461538464,0.07692307692307693,0.8461538461538461,7980.7692307692305,11269.615384615385,2.769230769230769,0.057692307692307696,0.17307692307692307,0.0,0.1346153846153846,0.019230769230769232,0.11538461538461539,0.0,0.36538461538461536,0.0,0.057692307692307696,0.1346153846153846,0.23076923076923078,0.07692307692307693,0.0,0.057692307692307696,0.0,0.038461538461538464,0.019230769230769232,0.0,0.0,0.21153846153846154,0.0
37430.0,1.0,0.6666666666666666,0.0,0.6666666666666666,0.0,0.0,0.0,0.0,0.3333333333333333,2.0,266666.6666666667,23333.333333333332,3.0,0.3333333333333333,0.6666666666666666,0.0,0.0,0.0,0.0,0.0,0.0,0.0,0.0,0.0,0.0,0.3333333333333333,0.0,0.0,0.0,0.0,0.0,0.0,0.0,0.0,0.0
38030.0,0.0,0.8,0.28888888888888886,0.6666666666666666,0.06666666666666667,0.044444444444444446,0.0,0.0,0.022222222222222223,0.4444444444444444,0.0,10133.333333333334,2.7333333333333334,0.044444444444444446,0.24444444444444444,0.0,0.15555555555555556,0.06666666666666667,0.0,0.0,0.3111111111111111,0.0,0.022222222222222223,0.24444444444444444,0.0,0.044444444444444446,0.0,0.044444444444444446,0.0,0.022222222222222223,0.022222222222222223,0.06666666666666667,0.022222222222222223,0.044444444444444446,0.044444444444444446
38050.0,0.07441860465116279,0.8511627906976744,0.06511627906976744,0.5813953488372093,0.013953488372093023,0.05116279069767442,0.0,0.018604651162790697,0.07906976744186046,0.5069767441860465,10720.93023255814,10435.023255813954,2.6372093023255814,0.05116279069767442,0.20930232558139536,0.004651162790697674,0.10697674418604651,0.06976744186046512,0.08372093023255814,0.004651162790697674,0.22325581395348837,0.0,0.04186046511627907,0.21395348837209302,0.09302325581395349,0.03255813953488372,0.023255813953488372,0.06046511627906977,0.009302325581395349,0.009302325581395349,0.04186046511627907,0.018604651162790697,0.013953488372093023,0.05116279069767442,0.0
38060.0,0.0,0.8,0.02,0.6,0.08,0.06,0.0,0.02,0.06,0.34,0.0,13320.0,2.38,0.04,0.24,0.0,0.12,0.04,0.1,0.0,0.12,0.0,0.0,0.08,0.06,0.0,0.06,0.04,0.0,0.0,0.02,0.04,0.02,0.08,0.0
38070.0,0.0,0.7068965517241379,0.08620689655172414,0.5862068965517241,0.017241379310344827,0.0,0.0,0.0,0.0,0.1724137931034483,0.0,9749.827586206897,2.4827586206896552,0.05172413793103448,0.10344827586206896,0.017241379310344827,0.10344827586206896,0.06896551724137931,0.05172413793103448,0.017241379310344827,0.3103448275862069,0.0,0.0,0.5862068965517241,0.05172413793103448,0.017241379310344827,0.0,0.034482758620689655,0.0,0.017241379310344827,0.0,0.034482758620689655,0.017241379310344827,0.05172413793103448,0.0
38080.0,0.0,0.8354430379746836,0.21518987341772153,0.6075949367088608,0.012658227848101266,0.0,0.0,0.012658227848101266,0.012658227848101266,0.4936708860759494,0.0,4987.594936708861,2.392405063291139,0.11392405063291139,0.11392405063291139,0.0,0.08860759493670886,0.11392405063291139,0.12658227848101267,0.012658227848101266,0.3037974683544304,0.0,0.012658227848101266,0.46835443037974683,0.0759493670886076,0.0,0.012658227848101266,0.13924050632911392,0.0,0.0,0.0,0.0,0.0,0.012658227848101266,0.0
38090.0,0.028925619834710745,0.8305785123966942,0.10330578512396695,0.6363636363636364,0.01652892561983471,0.004132231404958678,0.0,0.012396694214876033,0.0743801652892562,0.6157024793388429,4318.181818181818,9196.11570247934,2.475206611570248,0.09090909090909091,0.24793388429752067,0.012396694214876033,0.07024793388429752,0.05371900826446281,0.08264462809917356,0.012396694214876033,0.18181818181818182,0.0,0.004132231404958678,0.2975206611570248,0.08264462809917356,0.01652892561983471,0.008264462809917356,0.10743801652892562,0.0,0.03305785123966942,0.008264462809917356,0.024793388429752067,0.012396694214876033,0.06611570247933884,0.0
38100.0,0.02631578947368421,0.7543859649122807,0.10526315789473684,0.5526315789473685,0.017543859649122806,0.0,0.008771929824561403,0.0,0.02631578947368421,0.14035087719298245,4473.684210526316,11811.228070175439,2.289473684210526,0.11403508771929824,0.18421052631578946,0.017543859649122806,0.08771929824561403,0.09649122807017543,0.02631578947368421,0.0,0.23684210526315788,0.0,0.0,0.5175438596491229,0.03508771929824561,0.0,0.0,0.17543859649122806,0.0,0.0,0.0,0.0,0.0,0.043859649122807015,0.0
38110.0,0.03409090909090909,0.75,0.056818181818181816,0.4659090909090909,0.17045454545454544,0.03409090909090909,0.0,0.011363636363636364,0.022727272727272728,0.23863636363636365,2647.7272727272725,3698.8636363636365,2.4545454545454546,0.011363636363636364,0.1590909090909091,0.0,0.056818181818181816,0.10227272727272728,0.07954545454545454,0.0,0.25,0.0,0.03409090909090909,0.23863636363636365,0.10227272727272728,0.03409090909090909,0.0,0.06818181818181818,0.0,0.0,0.022727272727272728,0.022727272727272728,0.022727272727272728,0.09090909090909091,0.0
38310.0,0.0,0.2857142857142857,0.0,0.14285714285714285,0.0,0.0,0.0,0.0,0.0,0.2857142857142857,0.0,0.0,1.4285714285714286,0.0,0.0,0.0,0.42857142857142855,0.0,0.2857142857142857,0.0,0.14285714285714285,0.0,0.0,0.0,0.0,0.0,0.0,0.14285714285714285,0.0,0.0,0.0,0.0,0.0,0.0,0.0
38320.0,0.0,0.6923076923076923,0.07692307692307693,0.5384615384615384,0.15384615384615385,0.0,0.0,0.0,0.0,0.15384615384615385,0.0,230.76923076923077,2.0,0.07692307692307693,0.0,0.0,0.0,0.0,0.0,0.0,0.15384615384615385,0.0,0.0,0.07692307692307693,0.07692307692307693,0.0,0.0,0.0,0.0,0.0,0.0,0.0,0.0,0.0,0.0
38330.0,0.0,0.7741935483870968,0.0967741935483871,0.7741935483870968,0.03225806451612903,0.0,0.0,0.0,0.03225806451612903,0.2903225806451613,0.0,3774.516129032258,2.3870967741935485,0.06451612903225806,0.12903225806451613,0.06451612903225806,0.25806451612903225,0.03225806451612903,0.0,0.0,0.3548387096774194,0.0,0.0,0.16129032258064516,0.2903225806451613,0.03225806451612903,0.0,0.0967741935483871,0.0,0.0,0.0,0.0,0.0,0.12903225806451613,0.0
38340.0,0.0,0.78125,0.15625,0.6875,0.0,0.03125,0.0,0.0,0.03125,0.3125,0.0,8718.75,2.78125,0.0625,0.15625,0.03125,0.0625,0.125,0.0,0.03125,0.21875,0.0,0.0,0.3125,0.09375,0.0,0.0,0.0625,0.0,0.0,0.0,0.0,0.0,0.0625,0.0
38350.0,0.07655502392344497,0.8325358851674641,0.0430622009569378,0.6602870813397129,0.023923444976076555,0.03349282296650718,0.05741626794258373,0.004784688995215311,0.03827751196172249,0.6985645933014354,17267.942583732056,6559.8564593301435,2.5167464114832536,0.0861244019138756,0.19138755980861244,0.019138755980861243,0.06220095693779904,0.0430622009569378,0.06698564593301436,0.009569377990430622,0.23444976076555024,0.0,0.10526315789473684,0.2535885167464115,0.019138755980861243,0.0430622009569378,0.0430622009569378,0.05741626794258373,0.014354066985645933,0.009569377990430622,0.019138755980861243,0.07177033492822966,0.03349282296650718,0.009569377990430622,0.0
38360.0,0.04081632653061224,0.8979591836734694,0.04081632653061224,0.7142857142857143,0.08163265306122448,0.0,0.02040816326530612,0.0,0.0,0.5714285714285714,4551.0204081632655,3561.0204081632655,2.5714285714285716,0.16326530612244897,0.1836734693877551,0.0,0.16326530612244897,0.08163265306122448,0.061224489795918366,0.0,0.20408163265306123,0.0,0.0,0.14285714285714285,0.02040816326530612,0.04081632653061224,0.02040816326530612,0.08163265306122448,0.0,0.0,0.0,0.061224489795918366,0.08163265306122448,0.061224489795918366,0.0
38370.0,0.02040816326530612,0.9183673469387755,0.061224489795918366,0.6326530612244898,0.061224489795918366,0.0,0.0,0.02040816326530612,0.0,0.40816326530612246,2204.081632653061,2938.7755102040815,2.3877551020408165,0.14285714285714285,0.2857142857142857,0.0,0.04081632653061224,0.0,0.0,0.0,0.24489795918367346,0.0,0.0,0.3673469387755102,0.08163265306122448,0.0,0.0,0.02040816326530612,0.0,0.0,0.0,0.04081632653061224,0.04081632653061224,0.061224489795918366,0.0
38380.0,0.0625,0.8125,0.125,0.875,0.0,0.0,0.0,0.0625,0.0625,0.5,1875.0,5000.0,2.3125,0.1875,0.1875,0.0,0.0,0.0625,0.0,0.0,0.3125,0.0,0.0,0.125,0.0625,0.0,0.0625,0.0625,0.0625,0.0,0.0,0.0,0.125,0.125,0.0
38390.0,0.1111111111111111,0.8333333333333334,0.16666666666666666,0.7222222222222222,0.0,0.0,0.0,0.0,0.05555555555555555,0.7777777777777778,9444.444444444445,777.7777777777778,2.6666666666666665,0.2222222222222222,0.2222222222222222,0.0,0.2222222222222222,0.1111111111111111,0.0,0.0,0.3333333333333333,0.0,0.0,0.4444444444444444,0.2777777777777778,0.0,0.0,0.05555555555555555,0.0,0.0,0.0,0.0,0.0,0.05555555555555555,0.0
38400.0,0.0,0.723404255319149,0.23404255319148937,0.6170212765957447,0.02127659574468085,0.0,0.06382978723404255,0.02127659574468085,0.0,0.2978723404255319,0.0,7574.468085106383,2.3617021276595747,0.0425531914893617,0.2553191489361702,0.0,0.0851063829787234,0.0425531914893617,0.02127659574468085,0.0425531914893617,0.3617021276595745,0.0,0.0,0.14893617021276595,0.2553191489361702,0.0,0.02127659574468085,0.0851063829787234,0.0,0.02127659574468085,0.0,0.0425531914893617,0.0,0.1702127659574468,0.0
39010.0,0.21621621621621623,0.8378378378378378,0.21621621621621623,0.7117117117117117,0.04504504504504504,0.07207207207207207,0.009009009009009009,0.02702702702702703,0.07207207207207207,1.7747747747747749,54540.63063063063,11860.450450450451,3.0,0.08108108108108109,0.21621621621621623,0.0,0.12612612612612611,0.07207207207207207,0.08108108108108109,0.009009009009009009,0.23423423423423423,0.0,0.09009009009009009,0.13513513513513514,0.05405405405405406,0.036036036036036036,0.009009009009009009,0.14414414414414414,0.009009009009009009,0.04504504504504504,0.02702702702702703,0.02702702702702703,0.02702702702702703,0.02702702702702703,0.21621621621621623
39020.0,0.2079646017699115,0.8053097345132744,0.07964601769911504,0.6991150442477876,0.04424778761061947,0.10619469026548672,0.008849557522123894,0.017699115044247787,0.0752212389380531,1.2433628318584071,56119.46902654867,13026.725663716814,2.924778761061947,0.05309734513274336,0.15486725663716813,0.03982300884955752,0.13274336283185842,0.05309734513274336,0.03982300884955752,0.01327433628318584,0.3053097345132743,0.004424778761061947,0.06637168141592921,0.10176991150442478,0.017699115044247787,0.061946902654867256,0.030973451327433628,0.048672566371681415,0.0,0.017699115044247787,0.02654867256637168,0.017699115044247787,0.02654867256637168,0.01327433628318584,0.4026548672566372
